Original,Traduzido
5'nucleotidase increased,A 5'Nucleotidase aumentou
AGEP,Agep
AIDS dementia complex,Complexo de demência da AIDS
AION,Aion
AML progression,Progressão da LBC
ANA increased,ANA aumentou
Abasia,Abasia
Abdominal abscess,Abscesso abdominal
Abdominal adhesions,Adesões abdominais
Abdominal aortic aneurysm,Aneurisma da aorta abdominal
Abdominal aortic bruit,Bruit aórtico abdominal
Abdominal aortic rupture,Ruptura aórtica abdominal
Abdominal bloating,Inchaço abdominal
Abdominal colic,Cólica abdominal
Abdominal cramps,Cólicas abdominais
Abdominal discomfort,Desconforto abdominal
Abdominal disorder,Transtorno abdominal
Abdominal distension,Distensão abdominal
Abdominal distension gaseous,Distensão abdominal gasosa
Abdominal distress,Sofrimento abdominal
Abdominal hernia,Hérnia abdominal
Abdominal infection,Infecção abdominal
Abdominal injury,Lesão abdominal
Abdominal neoplasm,Neoplasia abdominal
Abdominal pain,Dor abdominal
Abdominal pain aggravated,Dor abdominal agravada
Abdominal pain generalised,Dor abdominal generalizada
Abdominal pain localised,Dor abdominal localizada
Abdominal pain lower,Dor abdominal inferior
Abdominal pain upper,Dor abdominal superior
Abdominal rigidity,Rigidez abdominal
Abdominal sepsis,Sepse abdominal
Abdominal spasm,Espasmo abdominal
Abdominal strangulated hernia,Hérnia estrangulada abdominal
Abdominal symptom,Sintoma abdominal
Abdominal tenderness,Sensibilidade abdominal
Abdominal wall abscess,Abscesso da parede abdominal
Abnormal behaviour,Comportamento anormal
Abnormal bowel sounds,Sons anormais do intestino
Abnormal chest sounds NOS,Sons anormais no peito nos
Abnormal clotting factor,Fator de coagulação anormal
Abnormal dreams,Sonhos anormais
Abnormal ejaculation,Ejaculação anormal
Abnormal eye movements NOS,Movimentos oculares anormais nos
Abnormal faeces,Fezes anormais
Abnormal involuntary movements,Movimentos involuntários anormais
Abnormal labour,Trabalho anormal
Abnormal pigmentation,Pigmentação anormal
Abnormal platelets,Plaquetas anormais
Abnormal sensation in eye,Sensação anormal no olho
Abnormal sleep-related event,Evento anormal relacionado ao sono
Abnormal vision,Visão anormal
Abnormal withdrawal bleeding,Retirada anormal Sangramento
Abnormalities of the hair,Anormalidades do cabelo
Abortion,Aborto
Abortion incomplete,Aborto incompleto
Abortion infected,Aborto infectado
Abortion missed,Aborto perdido
Abortion spontaneous,Aborto espontâneo
Abrasion NOS,Abrasão nos
Abscess,Abscesso
Abscess limb,Membro do abscesso
Abscess periodontal,Abscesso Periodontal
Abscess sterile,Abscesso estéril
Abscesses of skin,Abscessos da pele
Absolute neutrophil count decreased,A contagem absoluta de neutrófilos diminuiu
Acalculous cholecystitis,Colecistite acalculosa
Acanthosis nigricans,Acanthose Nigricans
Acarodermatitis,Acarodermatite
Accelerated hair loss,Perda de cabelo acelerada
Accident,Acidente
Accident at home,Acidente em casa
Accidental exposure to product,Exposição acidental ao produto
Accidental ingestion,Ingestão acidental
Accidental injury,Lesão acidental
Accidental overdose,Overdose acidental
Accommodation disorder,Transtorno da acomodação
Acetonaemia,Acetoneemia
Ache,Dor
Ache wrists,Pulsos de dor
Acholia,Acholia
Acid indigestion,Indigestão ácida
Acid phosphatase high,Fosfatase ácida alta
Acidemia,Acidemia
Acidosis,Acidose
Acidosis hyperchloraemic,Acidose Hiperclorêmica
Acne,Acne
Acne cystic,Acne cística
Acne fulminans,Acne fulminans
Acne infantile,Infantil da acne
Acne pustular,Acne pustular
Acne vulgaris,Acne vulgaris
Acneiform eruption,Erupção acneiforme
Acquired haemophilia,Hemofilia adquirida
Acquired immunodeficiency syndrome,Síndrome da imunodeficiência adquirida
Acquired keratoderma,Adquiriu Keratoderma
Acquired lipoatrophic diabetes,Diabetes lipoatrófico adquirido
Acquired megacolon,Megacolon adquiriu
Acquired night blindness,Cegueira noturna adquirida
Acral erythema,Eritema acral
Acrochordon,Acrochordon
Acrodynia,Acrodynia
Acromegaly,Acromegalia
Actinic keratosis,Queratose actínica
Action tremor,Tremor de ação
Activated partial thromboplastin time prolonged,O tempo de tromboplastina parcial ativado prolongou
Activated partial thromboplastin time shortened,O tempo de tromboplastina parcial ativado diminuiu
Activation syndrome,Síndrome da ativação
Acute abdomen,Abdômen agudo
Acute allergic reaction,Reação alérgica aguda
Acute allograft rejection,Rejeição de aloenxerto agudo
Acute anaphylaxis,Anafilaxia aguda
Acute angle-closure glaucoma,Glaucoma agudo de ângulo
Acute appendicitis,Apendicite aguda
Acute bronchitis,Bronquite aguda
Acute cardiac toxicity,Toxicidade cardíaca aguda
Acute chest pain,Dor no peito aguda
Acute cholestatic hepatitis,Hepatite colestática aguda
Acute confusional state,Estado de confusão aguda
Acute coronary syndrome,Síndrome coronariana aguda
Acute cystitis,Cistite aguda
Acute cytolytic hepatitis,Hepatite citolítica aguda
Acute depression,Depressão aguda
Acute diarrhea,Diarréia aguda
Acute disseminated encephalomyelitis,Encefalomielite disseminada aguda
Acute dyspnea,Dispnéia aguda
Acute dystonia,Distonia aguda
Acute enterocolitis,Enterocolite aguda
Acute fatty liver,Fígado gordo agudo
Acute febrile illness,Doença febril aguda
Acute febrile neutrophilic dermatosis,Dermatose neutrofílica febril aguda
Acute gastritis,Gastrite aguda
Acute gastroenteritis,Gastroenterite aguda
Acute generalised exanthematous pustulosis,Pustulose exantematosa generalizada aguda
Acute glaucoma,Glaucoma agudo
Acute graft versus host disease,Enxerto agudo versus doença hospedeira
Acute haemolytic anaemia,Anemia hemolítica aguda
Acute hepatic failure,Falha hepática aguda
Acute interstitial nephritis,Nefrite intersticial aguda
Acute interstitial pneumonitis,Pneumonite intersticial aguda
Acute kidney injury,Lesão renal aguda
Acute leukaemia,Leucemia aguda
Acute liver damage,Dano agudo do fígado
Acute liver injury,Lesão no fígado agudo
Acute lymphocytic leukaemia,Leucemia linfocítica aguda
Acute migraine,Enxaqueca aguda
Acute myeloid leukaemia,Leucemia mielóide aguda
Acute myocardial infarction,Infarto agudo do miocárdio
Acute myocardial ischemia,Isquemia do miocárdio agudo
Acute nephritis,Nefrite aguda
Acute overdose,Overdose aguda
Acute pain,Dor aguda
Acute phase reaction,Reação de fase aguda
Acute phosphate nephropathy,Nefropatia aguda de fosfato
Acute prerenal failure,Falha pré -renal aguda
Acute promyelocytic leukaemia,Leucemia promielocítica aguda
Acute promyelocytic leukaemia differentiation syndrome,Síndrome de diferenciação de leucemia promielocítica aguda
Acute psychosis,Psicose aguda
Acute pulmonary oedema,Edema pulmonar agudo
Acute renal insufficiency,Insuficiência renal aguda
Acute respiratory distress syndrome,Síndrome respiratória aguda grave
Acute respiratory failure,Insuficiência respiratória aguda
Acute retention of urine,Retenção aguda de urina
Acute schizophrenia,Esquizofrenia aguda
Acute sinusitis,Sinusite aguda
Acute stress disorder,Transtorno de estresse agudo
Acute tonsillitis,Amigdonite aguda
Acute urticaria,Urticária aguda
Acute uveitis,Uveíte aguda
Acute yellow liver atrophy,Atrofia do fígado amarelo agudo
Adams-Stokes syndrome,Síndrome de Adams-Stokes
Addison's disease,Doença de Addison
Adenitis,Adenite
Adenocarcinoma,Adenocarcinoma
Adenocarcinoma of prostate,Adenocarcinoma da próstata
Adenocarcinoma pancreas,Pâncreas de adenocarcinoma
Adenoma benign,Adenoma benigno
Adenomyosis,Adenomiose
Adenovirus infection,Infecção por adenovírus
Adhesion,Adesão
Adjustment disorder,Transtorno de Ajuste
Administration site infection,Infecção no local da administração
Administration site reaction,Reação do local da administração
Adnexa uteri cyst,Cisto de ANDNEXA UTERI
Adnexa uteri mass,ANDNEXA UTERI MASS
Adnexa uteri pain,Dor ANDNEXA UTERI
Adnexal torsion,Torção anexada
Adrenal atrophy,Atrofia adrenal
Adrenal carcinoma,Carcinoma adrenal
Adrenal cortex atrophy,Atrofia do córtex adrenal
Adrenal cortical hypofunction,Hipofunção cortical adrenal
Adrenal disorder,Transtorno adrenal
Adrenal gland cancer,Câncer de glândula adrenal
Adrenal haemorrhage,Hemorragia adrenal
Adrenal insufficiency,Insuficiência adrenal
Adrenergic syndrome,Síndrome adrenérgica
Adrenocortical insufficiency acute,Insuficiência adrenocortical aguda
Advanced breast cancer,Câncer de mama avançado
Advanced cancer,Câncer avançado
Adverse reaction,Reação adversa
Aerophagia,Aerofagia
Affect lability,Afetar a labilidade
Affective disorder,Transtorno afetivo
Ageusia,Ageusia
Aggravation of existing disorder,Agravamento do distúrbio existente
Aggression,Agressão
Aggressive reaction,Reação agressiva
Agitation,Agitação
Agitation postoperative,Agitação pós -operatória
Agnosia,Agnosia
Agoraphobia,Agorafobia
Agranulocytosis,Agranulocitose
Airway complication of anaesthesia,Complicação das vias aéreas da anestesia
Airway edema,Edema das vias aéreas
Airway obstruction NOS,Obstrução das vias aéreas nos
Akathisia,Akathisia
Akinaesthesia,Akinaestesia
Akinesia,Akinesia
Alanine aminotransferase abnormal,Alanina aminotransferase anormal
Alanine aminotransferase decreased,A alanina aminotransferase diminuiu
Alanine aminotransferase increased,Alanina aminotransferase aumentou
Alanine aminotransferase normal,Alanina aminotransferase normal
Albinism,Albinismo
Albumin globulin ratio abnormal,Albumin globulin ratio anormal
Albumin high,Albumina alta
Albumin low,Albumina Low
Albumin urine increased,A urina da albumina aumentou
Albumin urine present,Urina de albumina presente
Albuminuria,Albuminúria
Alcohol abuse,Abuso de álcool
Alcohol craving,Desejo de álcool
Alcohol intolerance,Intolerância ao álcool
Alcohol intoxication,Intoxicação por álcool
Alcohol poisoning,Envenenamento por álcool
Alcohol problem,Problema de álcool
Alcohol withdrawal syndrome,Síndrome de retirada de álcool
Alcoholic pancreatitis,Pancreatite alcoólica
Alcoholic psychosis,Psicose alcoólica
Alcoholism,Alcoolismo
Alertness decreased,A alerta diminuiu
Alkaline phosphatase serum increased,O soro alcalino fosfatase aumentou
Alkalosis,Alcalose
Alkalosis hypochloraemic,Hipoclorêmica da alcalose
Alkalosis hypokalaemic,Hipocalêmica da alcalose
Allergic asthma,Asma alérgica
Allergic bronchospasm,Broncoespasmo alérgico
Allergic conditions,Condições alérgicas
Allergic contact dermatitis,Dermatite de contato alérgico
Allergic cutaneous angiitis,Angiite cutânea alérgica
Allergic exanthema,Exantema alérgico
Allergic granulomatous angiitis,Angiite granulomatosa alérgica
Allergic hepatitis,Hepatite alérgica
Allergic oedema,Edema alérgico
Allergic rash,Erupção cutânea alérgica
Allergic sinusitis,Sinusite alérgica
Allergic skin reaction,Reação alérgica da pele
Allergic urticaria,Urticária alérgica
Allergy aggravated,Alergia agravada
Allergy to nuts,Alergia a nozes
Allodynia,Alodynia
Alopecia,Alopecia
Alopecia reversible,Alopecia reversível
Altered state of consciousness,Estado de consciência alterado
Altered visual depth perception,Percepção de profundidade visual alterada
Alveolar osteitis,Osteite alveolar
Alveolar proteinosis,Protenose alveolar
Alveolitis,Alveolite
Alveolitis allergic,Alveolite alérgica
Amaurosis,Amaurose
Amaurosis fugax,Amaurose Fugax
Amblyopia,Ambliopia
Amelia,Amelia
Amenorrhea secondary,Amenorréia secundária
Amenorrhoea,Amenorrheea
Aminoaciduria,Aminoaciduria
Ammonia increased,A amônia aumentou
Amnesia,Amnésia
Amnesia transient,Amnésia transitória
Amnestic symptoms,Sintomas amnéticos
Amniotic cavity infection,Infecção por cavidade amniótica
Amniotic fluid embolism,Embolia do líquido amniótico
Amylase decreased,A amilase diminuiu
Amylase increased,A amilase aumentou
Amyloidosis,Amiloidose
Anaemia,Anemia
Anaemia NOS aggravated,Anemia nos agravados
Anaemia macrocytic,Anemia macrocítica
Anaemia megaloblastic,Anemia megaloblástica
Anaemia neonatal,Anemia neonatal
Anaemia postoperative,Anemia pós -operatória
Anaemia vitamin B12 deficiency,Deficiência de vitamina B12 de anemia
Anaemias NEC,Anemias nec
Anaemias haemolytic immune,Anemias imune hemolítico
Anaesthetic complication,Complicação anestésica
Anaesthetic complication neurological,Complicação anestésica neurológica
Anal abscess,Abscesso anal
Anal atresia,Atresia anual
Anal cancer,Câncer anal
Anal candidiasis,Candidíase anal
Anal discomfort,Desconforto anal
Anal fissure,Fissura anal
Anal fistula,Fístula anal
Anal haemorrhage,Hemorragia anal
Anal inflammation,Inflamação anal
Anal irritation,Irritação anal
Anal pruritus,Prurido anal
Anal skin tags,Tags de pele anal
Anal spasm,Espasmo anal
Anal sphincter atony,Esfincter anal atony
Analgesic effect,Efeito analgésico
Analgesic therapy,Terapia analgésica
Anaphylactic responses,Respostas anafiláticas
Anaphylactic shock,Choque anafilático
Anaphylactoid reaction,Reação anafilactóide
Anaphylactoid syndrome of pregnancy,Síndrome de anafilactóide da gravidez
Anaplastic astrocytoma,Astrocitoma anaplásico
Anaplastic large-cell lymphoma,Linfoma anaplásico de células grandes
Anaplastic thyroid cancer,Câncer de tireóide anaplásico
Anastomotic leak,Vazamento anastomótico
Anastomotic ulcer,Úlcera anastomótica
Androgenetic alopecia,Alopecia androgenética
Anemic,Anêmico
Anencephaly,Anencefalia
Aneurysm,Aneurisma
Anger,Raiva
Angiitis necrotising,Angiite necrosante
Angina pectoris,Angina pectoris
Angina pectoris aggravated,Angina pectoris agravada
Angina symptom,Sintoma da angina
Angina unstable,Angina instável
Anginal attack,Ataque anginal
Angiodermatitis,Angiodermatite
Angioedema,Angioedema
Angioedema of larynx,Angioedema da laringe
Angioimmunoblastic T-cell lymphoma,Linfoma de células T angioimunoblásticas
Angiomyolipoma,Angiomyolipoma
Angiopathy,Angiopatia
Angle closure glaucoma,Glaucoma de fechamento do ângulo
Angular cheilitis,Cheilite angular
Anhedonia,Anhedonia
Anhidrosis,Anidrose
Animal bite,Mordida de animal
Animal scratch,Arranhão animal
Anion gap increased,O espaço de ânion aumentou
Anisocytosis,Anisocitose
Ankle edema,Edema do tornozelo
Ankle fracture,Fratura do tornozelo
Ankle sprain,Entorse de tornozelo
Ankylosing spondylitis,Espondilite anquilosante
Anogenital warts,Verrugas anogenitais
Anophthalmos,Anophthalmos
Anorectal discomfort,Desconforto anorretal
Anorectal disorder,Transtorno anorretal
Anorexia,Anorexia
Anorgasmia,Anorgasmia
Anosmia,Anosmia
Anosognosia,Anosognósia
Anovulation,Anovulação
Anovulatory cycle,Ciclo anovulatório
Anoxia,Anóxia
Antepartum hemorrhage,Hemorragia anteparto
Anterior chamber cell,Célula da câmara anterior
Anterior chamber flare,Flare da câmara anterior
Anterior chamber inflammation,Inflamação da câmara anterior
Anterior chamber pigmentation,Pigmentação da câmara anterior
Anterior ischemic optic neuropathy,Neuropatia óptica isquêmica anterior
Anterior spinal artery syndrome,Síndrome da artéria espinhal anterior
Anterior uveitis,Uveíte anterior
Anterograde amnesia,Amnésia anterógrada
Anthrax,Antraz
Anti-thyroid antibody positive,Anticorpo anti-tireoidiano positivo
Antibiotic associated colitis,Colite associada a antibióticos
Antibiotic-associated diarrhea,Diarréia associada a antibióticos
Antibody NOS negative,Anticorpo NOS negativo
Antibody test negative,Teste de anticorpos negativo
Antibody test positive,Teste de anticorpos positivo
Anticholinergic syndrome,Síndrome anticolinérgica
Antidiuresis,Antidiurese
Antidiuretic hormone abnormality,Anormalidade do hormônio antidiurético
Antineutrophil cytoplasmic antibody positive,Anticorpo citoplasmático antineutrófilo
Antinuclear antibody increased,O anticorpo antinuclear aumentou
Antinuclear antibody positive,Anticorpo antinuclear positivo
Antisocial behaviour,Comportamento anti -social
Antisocial personality disorder,Transtorno da personalidade anti -social
Antitussive therapy,Terapia antitussiva
Anuria,Anuria
Anus disorder,Transtorno do ânus
Anxiety,Ansiedade
Anxiety NEC,Ansiedade nec
Anxiety aggravated,Ansiedade agravada
Anxiety attack,Ataque de ansiedade
Anxiety depression,Depressão de ansiedade
Anxiety disorder,Transtorno da ansiedade
Anxiety state,Estado de ansiedade
Anxiety symptoms NOS,Sintomas de ansiedade nos
Aortic aneurysm,Aneurisma aórtico
Aortic aneurysm rupture,Ruptura do aneurisma aórtico
Aortic arteriosclerosis,Arteriosclerose aórtica
Aortic bruit,Bruit aórtico
Aortic disorder,Transtorno da aorta
Aortic dissection,Dissecção aórtica
Aortic embolus,Embolus aórtica
Aortic rupture,Ruptura aórtica
Aortic valve incompetence,Incompetência da válvula aórtica
Aortic valve sclerosis,Esclerose da válvula aórtica
Aortic valve stenosis,Estenose da válvula aórtica
Apathy,Apatia
Apgar score low,Apgar pontuar baixo
Aphagia,Afagia
Aphakia,Aphakia
Aphakic cystoid macular oedema,Edema macular cistoide afácico
Aphasia,Afasia
Aphonia,Afonia
Aphthous stomatitis,Estomatite afússica
Aplasia,Aplasia
Aplasia cutis congenita,Aplasia Cutis Congenita
Aplasia pure red cell,Aplasia Crórnia vermelha pura
Aplastic anaemia,Anemia applásica
Apnoea,Apnéia
Apocrine and eccrine gland disorders,Distúrbios da glândula apócrina e ecrática
Apoptosis,Apoptose
Appendicitis,Apendicite
Appetite absent,Apetite ausente
Appetite disorder,Transtorno do apetite
Appetite exaggerated,Apetite exagerado
Application and instillation site reactions,Reações do local de aplicação e instilação
Application site anaesthesia,Anestesia do site de aplicativos
Application site atrophy,Atrofia do site de aplicativos
Application site burn,Site do aplicativo queima
Application site cellulitis,Celulite do local de aplicação
Application site discharge,Descarga do local do aplicativo
Application site discolouration,Descoloração do site do aplicativo
Application site discomfort,Desconforto do site do aplicativo
Application site dryness,Secura no local do aplicativo
Application site eczema,Eczema do site de aplicativos
Application site erosion,Erosão do site de aplicativos
Application site erythema,Site de aplicação eritema
Application site excoriation,Excoriação do site de aplicativos
Application site exfoliation,Esfoliação do site de aplicativos
Application site folliculitis,Site de aplicação Foliculite
Application site haematoma,Hematoma do local de aplicação
Application site haemorrhage,Hemorragia no site do aplicativo
Application site hyperaesthesia,Site de aplicação Hiperaestesia
Application site hypersensitivity,Hipersensibilidade ao local do aplicativo
Application site induration,Induração do site do aplicativo
Application site infection,Infecção no local do aplicativo
Application site inflammation,Inflamação no local do aplicativo
Application site irritation,Irritação no local do aplicativo
Application site oedema,Edema do site de aplicativos
Application site pain,Dor no local do aplicativo
Application site papules,Papinhas do site de aplicativos
Application site paraesthesia,Site de aplicação paraestesia
Application site pigmentation changes,Alterações de pigmentação no local do aplicativo
Application site pruritus,Prurido do site de aplicativos
Application site pustules,Pústulas do site de aplicativos
Application site rash,Site de aplicativo Erupção cutânea
Application site reaction,Reação do local do aplicativo
Application site scab,Crista do site do aplicativo
Application site scar,Cicatriz do site de aplicativos
Application site skin breakdown,Site de aplicativo Redução de pele
Application site stinging,Site de aplicativo Stinging
Application site swelling,Inchaço do site de aplicativos
Application site ulcer,Ulcer do site de aplicativos
Application site urticaria,Site de aplicação urticária
Application site vesicles,Vesículas do site de aplicativos
Application site warmth,Calor do site de aplicativos
Apprehension,Apreensão
Apraxia,Apraxia
Arachnoiditis,Aracnoidite
Arcus juvenilis,Arcus juvenilis
Arcus lipoides,Arcus Lipoides
Arcus senilis,Arcus Senilis
Areflexia,Areflexia
Argininosuccinate synthetase deficiency,Deficiência de argininoscinato sintetase
Argumentativeness,Argumentatividade
Arrhythmia,Arritmia
Arrhythmia supraventricular,Arritmia supraventricular
Arterial aneurysm,Aneurisma arterial
Arterial anomaly,Anomalia arterial
Arterial disorder,Transtorno arterial
Arterial insufficiency,Insuficiência arterial
Arterial occlusion,Oclusão arterial
Arterial occlusive disease,Doença oclusiva arterial
Arterial spasm,Espasmo arterial
Arterial stenosis limb,Membro da estenose arterial
Arterial thromboembolism,Tromboembolismo arterial
Arterial thrombosis,Trombose arterial
Arteriosclerosis,Arteriosclerose
Arteriosclerosis coronary artery,Arteriosclerose Artéria coronária
Arteriosclerotic retinopathy,Retinopatia arteriosclerótica
Arteriospasm coronary,Coronário arteriospasmo
Arteriovenous fistula,Fístula arteriovenosa
Arteriovenous fistula thrombosis,Trombose da fístula arteriovenosa
Arteritic anterior ischaemic optic neuropathy,Neuropatia óptica isquêmica anterior arterítica
Arteritis,Arterite
Artery dissection,Dissecção da artéria
Arthralgia,Arthralgia
Arthralgia aggravated,Arthralgia agravou
Arthralgia of temporomandibular joint,Artralgia da articulação temporomandibular
Arthritic pains,Dores artríticas
Arthritis,Artrite
Arthritis aggravated,Artrite agravada
Arthritis bacterial,Artrite bacteriana
Arthritis infective,Artrite infecciosa
Arthropathy,Artropatia
Arthropod bite,Picada de artrópode
Arthropod sting,Arthropod Sting
Artificial kidney clotting during dialysis,Coagulação artificial dos rins durante a diálise
Ascariasis,Asparíase
Ascites,Ascites
Aseptic necrosis,Necrose asséptica
Aseptic necrosis of bone,Necrose asséptica do osso
Aseptic peritonitis,Peritonite asséptica
Asocial behaviour,Comportamento social
Aspartate aminotransferase decreased,A aminotransferase de aspartato diminuiu
Aspartate aminotransferase increased,Aspartato aminotransferase aumentou
Aspartate aminotransferase normal,Aspartato aminotransferase normal
Aspergilloma,Aspergilloma
Aspergillosis,Aspergilose
Aspergillus infection,Infecção por Aspergillus
Aspermia,Aspermia
Asphyxia,Asfixia
Aspiration,Aspiração
Aspiration pneumonitis,Pneumonite de aspiração
Assault,Assalto
Assisted fertilisation,Fertilização assistida
Asteatosis,Asteatose
Asterixis,Asterixis
Asthenia,Astenia
Asthenic conditions,Condições astênicas
Asthenopia,Astenopia
Asthma,Asma
Asthma aggravated,Asma agravou
Asthmatic attack,Ataque asmático
Astrocytoma,Astrocitoma
Asymptomatic bacteriuria,Bacteriúria assintomática
Asymptomatic hyperlactatemia,Hiperlactatemia assintomática
Ataxia,Ataxia
Ataxic gait,Marcha atáxica
Atelectasis,Atelectasia
Atheroma,Ateroma
Atherosclerosis,Aterosclerose
Atherothrombosis,Aterotrombose
Athetosis,Atetose
Atonic urinary bladder,Bexiga urinária atônica
Atopic rhinitis,Rinite atópica
Atopy,Atopy
Atresia biliary,Atresia biliar
Atrial arrhythmia,Arritmia atrial
Atrial fibrillation,Fibrilação atrial
Atrial fibrillation and flutter,Fibrilação atrial e vibração
Atrial flutter,Vibração atrial
Atrial hypertrophy,Hipertrofia atrial
Atrial rhythm,Ritmo atrial
Atrial septal defect,Defeito no septo atrial
Atrial tachycardia,Taquicardia atrial
Atrioventricular block,Bloco atrioventricular
Atrioventricular block complete,Bloco atrioventricular completo
Atrioventricular block first degree,Bloco atrioventricular em primeiro grau
Atrioventricular block second degree,Bloqueio atrioventricular Segundo grau
Atrioventricular dissociation,Dissociação atrioventricular
Atrophic glossitis,Glossite atrófica
Atrophic vulvovaginitis,Vulvovaginite atrófica
Atrophy,Atrofia
Attention concentration difficulty,Dificuldade de concentração de atenção
Attention deficit disorder,Transtorno do déficit de atenção
Attention deficit/hyperactivity disorder,Déficit de atenção/transtorno de hiperatividade
Atypical femur fracture,Fratura do fêmur atípico
Atypical fracture,Fratura atípica
Atypical mycobacterial infection,Infecção micobacteriana atípica
Atypical pneumonia,Pneumonia atípica
Atypical stress fracture,Fratura de estresse atípico
Auditory and visual hallucinations,Alucinações auditivas e visuais
Auditory disorder NOS,Transtorno auditivo Nos
Aura,Aura
Auricular swelling,Inchaço auricular
Autism,Autismo
Autism spectrum disorder,Transtorno do espectro do autismo
Autoimmune disorder,Transtorno autoimune
Autoimmune haemolytic anaemia,Anemia hemolítica autoimune
Autoimmune hepatitis,Hepatite auto -imune
Autoimmune thrombocytopenia,Trombocitopenia auto -imune
Automatism,Automatismo
Autonomic dysfunction,Disfunção autonômica
Autonomic nervous system imbalance,Desequilíbrio do sistema nervoso autonômico
Autonomic neuropathy,Neuropatia autonômica
Avascular necrosis femoral head,Necrose avascular Cabeça femoral
Avitaminosis,Avitaminose
Axonal neuropathy,Neuropatia axonal
Azoospermia,Azoospermia
Azotaemia,AZOTEMIA
Azotaemia of renal origin,Azotaemia de origem renal
Azotemia prerenal,Azotemia Prerenal
B-cell lymphoma,Linfoma de células B.
B-cell type acute leukaemia,Leucemia aguda do tipo B-células B
BCG infection,Infecção por BCG
BK virus infection,Infecção pelo vírus BK
Back disorder,Transtorno traseiro
Back distress,Angústia nas costas
Back injury,Lesão nas costas
Back pain,Dor nas costas
Back pain aggravated,Dor nas costas agravou
Back strain,Tensão nas costas
Background diabetic retinopathy,Retinopatia diabética de fundo
Bacteraemia,Bacteremia
Bacteria urine identified,Urina de bactérias identificadas
Bacterial colonisation,Colonização bacteriana
Bacterial disease carrier,Portador de doença bacteriana
Bacterial infection,Infecção bacteriana
Bacterial infections NEC,Infecções bacterianas nec
Bacterial prostatitis,Prostatite bacteriana
Bacterial test positive,Teste bacteriano positivo
Bacteriuria,Bacteriúria
Bacteriuria NOS present,Bacteriuria nos presentes
Bad dreams,Sonhos ruins
Bad taste,Mau gosto
Balance difficulty,Dificuldade em equilíbrio
Balance disorder,Transtorno do balanço
Balanitis,Balanite
Balanitis candida,Balanite Candida
Balanoposthitis,Balanopostite
Band neutrophil count increased,A contagem de neutrófilos da banda aumentou
Barium impaction,Impactação de bário
Barrett's oesophagus,Esôfago de Barrett
Bartholin's cyst,Cisto de Bartholin
Basal cell carcinoma,Carcinoma das células basais
Basedow's disease,Doença de Basewow
Basilar artery syndrome,Síndrome da artéria basilar
Basophilia,Basofilia
Battery,Bateria
Beckwith-Wiedemann syndrome,Síndrome de Beckwith-Wiedemann
Bedridden,Acamado
Behavior disorder,Transtorno do comportamento
Bell's palsy,Paralisia de Bell
Benign breast neoplasm,Neoplasia benigna da mama
Benign gastrointestinal neoplasm,Neoplasia gastrointestinal benigna
Benign hepatic neoplasm,Neoplasia hepática benigna
Benign hydatidiform mole,Mole hidatiforme benigna
Benign intracranial hypertension,Hipertensão intracraniana benigna
Benign neoplasm,Neoplasia benigna
Benign neoplasm of skin,Neoplasia benigna da pele
Benign prostatic hyperplasia,Hiperplasia prostática benigna
Benign prostatic hypertrophy,Hipertrofia prostática benigna
Benign vaginal neoplasm,Neoplasia vaginal benigna
Beta 2 microglobulin increased,A microglobulina beta 2 aumentou
Beta 2 microglobulin urine increased,A urina beta 2 de microglobulina aumentou
Bezoar,Bezoar
Bicarbonate decreased serum,O bicarbonato diminuiu o soro
Bicarbonate level,Nível de bicarbonato
Bicytopenia,Bicytopenia
Bilateral hydronephrosis,Hidronefrose bilateral
Bile duct cancer,Câncer de ducto biliar
Bile duct disorders,Distúrbios do duto biliar
Bile duct neoplasms malignant,Neoplasias do ducto biliar maligno
Bile duct stenosis,Estenose do duto biliar
Biliary colic,Cólica biliar
Biliary fibrosis,Fibrose biliar
Biliary sludge,Lodo biliar
Biliary tract disorder,Transtorno do trato biliar
Bilious vomiting,Bilioso vômito
Bilirubin abnormal,Bilirrubina anormal
Bilirubin conjugated increased,A bilirrubina conjugada aumentou
Bilirubin normal,Normal da bilirrubina
Bilirubin total decreased,A bilirrubina total diminuiu
Bilirubin total increased,A bilirrubina total aumentou
Bilirubin total low,Bilirrubina Total baixo
Bilirubin unconjugated increased,A bilirrubina não conjugada aumentou
Bilirubin value increased,O valor da bilirrubina aumentou
Binge eating,Compulsão alimentar
Bipolar I disorder,Transtorno bipolar I.
Bipolar disorder,Transtorno bipolar
Birth weight low,Peso ao nascer baixo
Bizarre dreams,Sonhos bizarros
Black hairy tongue,Língua peluda preta
Black spot,Mancha preta
Blacked-out (not amnesia),Blacked-out (não amnésia)
Blackwater fever,Febre negra
Bladder and urethral symptoms,Bexiga e sintomas uretrais
Bladder cancer,Câncer de bexiga
Bladder carcinoma,Carcinoma da bexiga
Bladder constriction,Constrição da bexiga
Bladder dilatation,Dilatação da bexiga
Bladder discomfort,Desconforto da bexiga
Bladder disorder,Transtorno da bexiga
Bladder distension,Distensão da bexiga
Bladder diverticulum,Invérculum da bexiga
Bladder dysfunction,Disfunção da bexiga
Bladder fibrosis,Fibrose da bexiga
Bladder infection,Infecção da bexiga
Bladder irritation,Irritação da bexiga
Bladder neck obstruction,Obstrução do pescoço da bexiga
Bladder necrosis,Necrose da bexiga
Bladder neoplasm,Neoplasia da bexiga
Bladder pain,Dor da bexiga
Bladder spasm,Espasmo da bexiga
Bladder stenosis,Estenose da bexiga
Blanching,Branqueado
Blanching of skin,Branqueamento da pele
Blast cell crisis,Crise de células de explosão
Blastomycosis,Blastomicose
Bleeding breakthrough,Avanço de sangramento
Bleeding tendency,Tendência de sangramento
Bleeding time prolonged,Tempo de sangramento prolongado
Blepharal pigmentation,Pigmentação Blefaral
Blepharitis,Blefarite
Blepharitis allergic,Alérgico a blefarite
Blepharoconjunctivitis,Blefaroconjuntivite
Blepharospasm,Blefarospasmo
Blighted ovum,Óvulo arruinado
Blindness,Cegueira
Blindness cortical,Cortical cortical
Blindness day,Dia da cegueira
Blindness transient,Cegueira transitória
Blindness unilateral,Cegueira unilateral
"Blindness, both eyes","Cegueira, ambos os olhos"
Blister,Bolha
Bloated feeling,Sentimento inchado
Block heart,Block Heart
Blood acid phosphatase increased,Fosfatase de ácido sanguíneo aumentou
Blood albumin decreased,A albumina de sangue diminuiu
Blood albumin increased,A albumina de sangue aumentou
Blood alkaline phosphatase increased,Fosfatase alcalina no sangue aumentou
Blood amylase increased,A amilase de sangue aumentou
Blood and lymphatic system disorders,Distúrbios do sistema de sangue e linfático
Blood antidiuretic hormone abnormal,Hormônio antidiurético do sangue
Blood bicarbonate,Bicarbonato de sangue
Blood bicarbonate decreased,O bicarbonato de sangue diminuiu
Blood bicarbonate increased,O bicarbonato de sangue aumentou
Blood bilirubin abnormal,Sangue bilirrubina anormal
Blood bilirubin decreased,A bilirrubina do sangue diminuiu
Blood bilirubin increased,A bilirrubina do sangue aumentou
Blood bilirubin normal,Normal da bilirrubina do sangue
Blood bilirubin unconjugated increased,O sangue bilirrubina não conjugado aumentou
Blood calcium abnormal,Blood Cálcio anormal
Blood calcium decreased,O cálcio no sangue diminuiu
Blood chloride decreased,O cloreto de sangue diminuiu
Blood chloride increased,O cloreto de sangue aumentou
Blood cholesterol abnormal,Colesterol de sangue anormal
Blood cholesterol decreased,O colesterol no sangue diminuiu
Blood cholesterol increased,O colesterol no sangue aumentou
Blood copper decreased,O cobre do sangue diminuiu
Blood cortisol decreased,O cortisol no sangue diminuiu
Blood cortisol increased,O cortisol no sangue aumentou
Blood count abnormal,Contagem sanguínea anormal
Blood creatine increased,A creatina do sangue aumentou
Blood creatine phosphokinase MB increased,Creatina de sangue fosfocinase MB aumentou
Blood creatine phosphokinase MM increased,Creatina do sangue A fosfocinase MM aumentou
Blood creatine phosphokinase abnormal,Creatina fosfocinase de sangue anormal
Blood creatine phosphokinase increased,A creatina fosfocinase de sangue aumentou
Blood creatinine abnormal,Creatinina de sangue anormal
Blood creatinine decreased,A creatinina de sangue diminuiu
Blood creatinine increased,A creatinina de sangue aumentou
Blood creatinine normal,Creatinina de sangue normal
Blood culture positive,Cultura de sangue positiva
Blood disorder,Transtorno do sangue
Blood electrolytes abnormal,Eletrólitos sanguíneos anormais
Blood electrolytes decreased,Os eletrólitos sanguíneos diminuíram
Blood fibrinogen decreased,O fibrinogênio no sangue diminuiu
Blood fibrinogen increased,Fibrinogênio no sangue aumentou
Blood follicle stimulating hormone increased,Hormônio estimulante do folículo sanguíneo aumentou
Blood gases abnormal,Gases sanguíneos anormais
Blood gastrin increased,A gastrina do sangue aumentou
Blood glucose abnormal,Blood Glicose anormal
Blood glucose decreased,A glicose no sangue diminuiu
Blood glucose fluctuation,Flutuação de glicose no sangue
Blood glucose increased,A glicose no sangue aumentou
Blood gonadotrophin decreased,A gonadotrofina sanguínea diminuiu
Blood gonadotrophin increased,A gonadotrofina no sangue aumentou
Blood growth hormone increased,Hormônio do crescimento do sangue aumentado
Blood immunoglobulin G decreased,A imunoglobulina do sangue diminuiu
Blood in stool,Sangue em fezes
Blood insulin decreased,A insulina no sangue diminuiu
Blood insulin increased,A insulina sanguínea aumentou
Blood iron abnormal,Ferro de sangue anormal
Blood iron decreased,O ferro do sangue diminuiu
Blood iron increased,O ferro do sangue aumentou
Blood lactate dehydrogenase increased,Lactato de sangue desidrogenase aumentou
Blood luteinising hormone increased,Hormônio luteinizante de sangue aumentou
Blood magnesium decreased,O magnésio do sangue diminuiu
Blood magnesium increased,O magnésio do sangue aumentou
Blood methaemoglobin present,Blood metaemoglobina presente
Blood monocytes increased,Os monócitos sanguíneos aumentaram
Blood neutrophil count decreased,A contagem de neutrófilos sanguíneos diminuiu
Blood oestrogen decreased,O estrogênio no sangue diminuiu
Blood oestrogen increased,O estrogênio no sangue aumentou
Blood osmolarity decreased,A osmolaridade do sangue diminuiu
Blood osmolarity increased,A osmolaridade do sangue aumentou
Blood pH decreased,O pH do sangue diminuiu
Blood pancreatic amylase increased,A amilase pancreática do sangue aumentou
Blood parathyroid hormone increased,Hormônio da paratireóide do sangue aumentou
Blood phosphate increased,O fosfato sanguíneo aumentou
Blood phosphorus decreased,O fósforo sanguíneo diminuiu
Blood phosphorus increased,O fósforo sanguíneo aumentou
Blood potassium abnormal,Blood Potassium anormal
Blood potassium decreased,O potássio do sangue diminuiu
Blood potassium increased,O potássio do sangue aumentou
Blood pressure abnormal,Pressão arterial anormal
Blood pressure diastolic decreased,A pressão arterial diastólica diminuiu
Blood pressure diastolic increased,A pressão arterial diastólica aumentou
Blood pressure fluctuation,Flutuação da pressão arterial
Blood pressure inadequately controlled,Pressão arterial inadequadamente controlada
Blood pressure increased,A pressão arterial aumentou
Blood pressure normal,Pressão arterial normal
Blood pressure systolic decreased,A pressão arterial sistólica diminuiu
Blood pressure systolic increased,A pressão arterial aumentou
Blood prolactin decreased,A prolactina no sangue diminuiu
Blood prolactin increased,A prolactina no sangue aumentou
Blood sodium abnormal,Blood Sodium anormal
Blood sodium increased,O sódio no sangue aumentou
Blood test abnormal,Exames de sangue anormais
Blood testosterone decreased,A testosterona no sangue diminuiu
Blood testosterone free increased,Blood Testosterona Livre aumentou
Blood testosterone increased,A testosterona no sangue aumentou
Blood thromboplastin decreased,A tromboplastina sanguínea diminuiu
Blood thyroid stimulating hormone decreased,Blood Hormônio estimulante da tireóide diminuiu
Blood thyroid stimulating hormone increased,Hormônio estimulante da tireóide do sangue aumentou
Blood triglycerides decreased,Os triglicerídeos sanguíneos diminuíram
Blood triglycerides increased,Os triglicerídeos sanguíneos aumentaram
Blood urea abnormal,Uréia no sangue anormal
Blood urea decreased,A uréia no sangue diminuiu
Blood urea increased,A uréia no sangue aumentou
Blood urea normal,Uréia no sangue normal
Blood uric acid abnormal,Ácido úrico no sangue anormal
Blood uric acid decreased,O ácido úrico no sangue diminuiu
Blood uric acid increased,Ácido úrico no sangue aumentou
Blood urine,Urina no sangue
Blood urine present,Urina no sangue presente
Blood zinc decreased,O zinco do sangue diminuiu
Bloodshot eye,Olho de sangue
Bloody discharge,Descarga sangrenta
Blotchy rash,Erupção cutânea manchada
Blue toe syndrome,Síndrome do dedo do pé azul
Blunted affect,Afeto embotado
Body fat disorder,Transtorno da gordura corporal
Body hair loss,Perda de cabelo corporal
Body height decreased,A altura do corpo diminuiu
Body mass index decreased,O índice de massa corporal diminuiu
Body odor,Odor corporal
Body temperature altered,Temperatura corporal alterada
Body temperature decreased,A temperatura corporal diminuiu
Body temperature fluctuation,Flutuação da temperatura corporal
Body temperature increased,A temperatura corporal aumentou
Body tinea,Tinea corporal
Bone and joint infections,Infecções ósseas e articulares
Bone cancer metastatic,Câncer ósseo metastático
Bone density decreased,A densidade óssea diminuiu
Bone development abnormal,Desenvolvimento ósseo anormal
Bone disorder,Transtorno ósseo
Bone lesion,Lesão óssea
Bone marrow aplastic,Aplástica da medula óssea
Bone marrow depression,Depressão da medula óssea
Bone marrow disorder,Transtorno da medula óssea
Bone marrow granuloma,Granuloma da medula óssea
Bone marrow toxicity,Toxicidade da medula óssea
Bone mass decreased,A massa óssea diminuiu
Bone metabolism disorder,Transtorno do metabolismo ósseo
Bone neoplasm,Neoplasia óssea
Bone pain,Dor óssea
Bone pain aggravated,Dor osso agravada
Bone sarcoma,Sarcoma ósseo
Bone spur,Espurso dos ossos
Bone tenderness,Ternura óssea
Borborygmi,Borborygmi
Bovine tuberculosis,Tuberculose bovina
Bowel sounds decreased,Os sons intestinais diminuíram
Bowel spasm,Espasmo intestinal
Bowen's disease,Doença de Bowen
Brachial plexus injury,Lesão do plexo braquial
Bradyarrhythmia,Bradyarrithythmia
Bradycardia,Bradicardia
Bradycardia foetal,Bradicardia fetal
Bradycardia-tachycardia syndrome,Síndrome de Bradicardia-Tachicardia
Bradykinesia,Bradykinesia
Bradyphrenia,Bradifrenia
Bradypsychic response,Resposta bradipsíquica
Brain abscess,Abscesso cerebral
Brain cancer metastatic,Câncer no cérebro metastático
Brain disorder NOS,Transtorno cerebral Nos
Brain herniation,Hérnia cerebral
Brain hypoxia,Hipóxia cerebral
Brain infarction,Infarto do cérebro
Brain injury,Lesão cerebral
Brain neoplasm,Neoplasia cerebral
Brain neoplasm benign,Neoplasia cerebral benigna
Brain oedema,Edema cerebral
Brain stem glioma,Glioma do tronco cerebral
Brain stem haemorrhage,Hemorragia do tronco cerebral
Brain stem syndrome,Síndrome do tronco cerebral
Breakthrough pain,Dor inovadora
Breast abscess,Abscesso da mama
Breast atrophy,Atrofia da mama
Breast calcifications,Calcificações da mama
Breast cancer,Câncer de mama
Breast cancer female,Câncer de mama fêmea
Breast cancer invasive NOS,NOS invasivo para câncer de mama
Breast cancer male,Câncer de mama Masculino
Breast cancer stage IV,Câncer de mama estágio IV
Breast cyst,Cisto da mama
Breast discharge,Descarga de mama
Breast discomfort,Desconforto da mama
Breast disorder,Transtorno da mama
Breast disorder female,Transtorno da mama fêmea
Breast engorgement,Ingurgitamento da mama
Breast enlargement,Aumento de mama
Breast enlargement female,Aumentação da mama
Breast feeding,Amamentação
Breast fibroma,Fibroma da mama
Breast fibrosis,Fibrose mamária
Breast induration,Induração da mama
Breast malformation,Malformação da mama
Breast mass,Massa de mama
Breast microcalcification,Microcalcificação da mama
Breast neoplasm,Neoplasia da mama
Breast neoplasm NOS male,Neoplasia mamária nos macho
Breast neoplasm benign female,Neoplasia da mama fêmea benigna
Breast oedema,Edema da mama
Breast pain,Dor no seio
Breast pain female,Dor de mama fêmea
Breast pain male,Dor de mama macho
Breast swelling,Inchaço da mama
Breast tenderness,Tensidão da mama
Breast tension,Tensão da mama
Breath holding,Respiração segurando
Breath holding attack,Ataque de retenção da respiração
Breath odour,Odor de respiração
Breath odour ketones,O odor de respiração cetonas
Breath sounds abnormal,A respiração soa anormal
Breech presentation,Apresentação da culatra
Bronchial disorder,Transtorno brônquico
Bronchial haemorrhage,Hemorragia brônquica
Bronchial hyperreactivity,Hiper -reatividade brônquica
Bronchial mucus plug,Plugue de muco brônquico
Bronchial obstruction,Obstrução brônquica
Bronchial secretion retention,Retenção de secreção brônquica
Bronchial ulceration,Ulceração brônquica
Bronchiectasis,Bronquiectasia
Bronchiolitis,Bronquiolite
Bronchiolitis obliterans with organizing pneumonia,Bronquiolite obliterans com organização de pneumonia
Bronchioloalveolar carcinoma,Carcinoma bronquioloalveolar
Bronchitis,Bronquite
Bronchitis bacterial,Bacteriana de bronquite
Bronchitis viral,Bronquite viral
Bronchoconstriction,Broncoconstrição
Bronchopneumonia,Broncopneumonia
Bronchopneumopathy,Broncopnemopatia
Bronchopulmonary aspergillosis,Aspergilose broncopulmonar
Bronchopulmonary dysplasia,Displasia broncopulmonar
Bronchospasm,Broncoespasmo
Bronchospasm aggravated,Broncoespasmo agravado
Bronchospasm paradoxical,Paradoxal broncoespasmo
Bronchostenosis,Broncostenose
Brown tumour,Tumor marrom
Brown urine,Urina marrom
Brugada syndrome,Síndrome de Brugada
Bruxism,Bruxismo
Buccal inflammation,Inflamação bucal
Buccal mucosa ulceration,Ulceração da mucosa bucal
Buccal mucosal roughening,Desperegenamento da mucosa bucal
Buccoglossal syndrome,Síndrome buccoglossal
Bucking,Bucking
Budd-Chiari syndrome,Síndrome de Budd-Chiari
Buffalo hump,Buffalo Hump
Bulimia,Bulimia
Bulimia nervosa,Bulimia nervosa
Bullous conditions,Condições bolhosas
Bullous eruption,Erupção bolhosa
Bullous impetigo,Impetigo bolhoso
Bullous keratopathy,Ceratopatia bolhosa
Bullous lichen planus,Planus de líquen bolhoso
Bundle branch block,Bloco de ramificação do pacote
Bundle branch block left,Bloqueio de ramo de pacote esquerdo
Bundle branch block right,Bloqueio de ramo de pacote à direita
Burkitt's lymphoma,Linfoma de Burkitt
Burn,Queimar
Burning anal,Anal queimando
Burning feeling vagina,Queimando sentimento de vagina
Burning foot,Pé que ardente
Burning in throat,Queimando na garganta
Burning mouth,Boca ardente
Burning mouth syndrome,Síndrome da boca em chamas
Burning rectal,Retal ardente
Burning sensation,Sensação de queimação
Burning sensation in eye,Sensação de queimação no olho
Burning tongue,Língua ardente
Burns second degree,Queima de segundo grau
Bursitis,Bursite
Buttock pain,Dor de nádega
C-reactive protein increased,A proteína C reativa aumentou
C1 esterase deficiency acquired,Deficiência de esterase C1 adquirida
CD4 lymphocytes decreased,Os linfócitos CD4 diminuíram
CNS depression NOS,CNS Depressão nos
CNS toxicity,Toxicidade do SNC
COPD exacerbation,DPOC Exacerbation
Ca++ increased,Ca ++ aumentou
Cachexia,Caquexia
Caecitis,Caecitis
Calcaneal spur,Spur calcanal
Calcification metastatic,Calcificação metastática
Calcinosis,Calcinose
Calciphylaxis,Calciphilaxia
Calcium abnormal NOS,Nº anormal de cálcio
Calcium deficiency,Deficiência de cálcio
Calcium intoxication,Intoxicação por cálcio
Calcium low,Cálcio baixo
Calcium metabolism disorder,Transtorno do metabolismo do cálcio
Calculus bladder,Bexiga de cálculo
Calculus of kidney,Cálculo de rim
Calculus ureteric,Cálculo ureterérico
Calculus urinary,Cálculo urinário
Call-Fleming syndrome,Síndrome de Fleming de Call
Cancer pain,Dor no câncer
Candida albicans infection,Infecção por Candida albicans
Candida cervicitis,Candida cervicite
Candida infection,Infecção por candida
Candida sepsis,Sepse de Candida
Candiduria,Candidúria
Cannula site reaction,Reação do local da cânula
Capillary fragility,Fragilidade capilar
Capillary fragility increased,A fragilidade capilar aumentou
Capillary leak syndrome,Síndrome de vazamento capilar
Carbohydrate craving,Desejo de carboidratos
Carbohydrate tolerance decreased,A tolerância a carboidratos diminuiu
Carbon dioxide decreased,O dióxido de carbono diminuiu
Carbon dioxide increased,O dióxido de carbono aumentou
Carbuncle,Carbúnculo
Carcinogenicity,Carcinogenicidade
Carcinoid tumour,Tumor carcinóide
Carcinoma,Carcinoma
Carcinoma breast,Mama de carcinoma
Carcinoma colon,Cólon de carcinoma
Carcinoma in situ,Carcinoma in situ
Carcinoma of lung,Carcinoma do pulmão
Carcinoma of tongue,Carcinoma da língua
Carcinoma stomach,Estômago de carcinoma
Carcinoma testes,Testículos de carcinoma
Cardiac amyloidosis,Amiloidose cardíaca
Cardiac arrest,Parada cardíaca
Cardiac death,Morte cardíaca
Cardiac discomfort,Desconforto cardíaco
Cardiac disorder,Transtorno cardíaco
Cardiac enzymes increased,As enzimas cardíacas aumentaram
Cardiac failure,Insuficiência cardíaca
Cardiac failure acute,Insuficiência cardíaca aguda
Cardiac failure congestive,Insuficiência cardíaca congestiva
Cardiac failure high output,Insuficiência cardíaca alta duração
Cardiac failure right,Insuficiência cardíaca certa
Cardiac fibrillation,Fibrilação cardíaca
Cardiac flutter,Vibração cardíaca
Cardiac hypertrophy,Hipertrofia cardíaca
Cardiac murmur,Murmúrio cardíaco
Cardiac output decreased,O débito cardíaco diminuiu
Cardiac output increased,O débito cardíaco aumentou
Cardiac pain,Dor cardíaca
Cardiac septal defect,Defeito septal cardíaco
Cardiac syncope,Síncope cardíaca
Cardiac tamponade,Tamponamento cardíaco
Cardiac valve disease,Doença da válvula cardíaca
Cardiac valve replacement complication,Complicação de substituição da válvula cardíaca
Cardio-respiratory arrest,Parada cardio-respiratória
Cardio-respiratory distress,Sofrimento cardio-respiratório
Cardioactive drug level above therapeutic,Nível de medicamento cardioativo acima da terapêutica
Cardioactive drug level increased,O nível cardioativo de drogas aumentou
Cardiogenic shock,Choque cardiogênico
Cardiomegaly,Cardiomegalia
Cardiomyopathy,Cardiomiopatia
Cardiomyopathy secondary NOS,Cardiomiopatia nos números secundários
Cardiopulmonary failure,Falha cardiopulmonar
Cardiotoxicity,Cardiotoxicidade
Cardiovascular disorder,Transtorno cardiovascular
Cardiovascular insufficiency,Insuficiência cardiovascular
Carditis,Cardite
Carotene decreased,O caroteno diminuiu
Carotid artery occlusion,Oclusão da artéria carótida
Carotid artery stenosis,Estenose da artéria carótida
Carotid artery thrombosis,Trombose da artéria carótida
Carotid bruit,Bruit carotídeo
Carotid pulse,Pulso carotídeo
Carotid sinus hypersensitivity,Hipersensibilidade do seio carotídeo
Carotid sinus syndrome,Síndrome do seio carotídeo
Carpal tunnel syndrome,Síndrome do túnel do carpo
Carpo-pedal spasm,Espasmo carpo-pedal
Catalepsy,Catalepsia
Cataplexy,Cataplexia
Cataract,Catarata
Cataract conditions,Condições de catarata
Cataract cortical,Cortical de catarata
Cataract diabetic,Diabética de catarata
Cataract nuclear,Catarata nuclear
Cataract specified,Catarata especificada
Cataract subcapsular,Subcapsular de catarata
Cataract traumatic,Catarata traumática
Cataract unilateral,Catarata Unilateral
Catatonia,Catatonia
Catatonic reaction,Reação catatônica
Catheter blockage,Bloqueio do cateter
Catheter infection,Infecção por cateter
Catheter related complication,Complicação relacionada ao cateter
Catheter related infection,Infecção relacionada ao cateter
Catheter sepsis,Sepse do cateter
Catheter site cellulitis,Celulite do local do cateter
Catheter site erythema,Local do cateter eritema
Catheter site haemorrhage,Hemorragia no local do cateter
Catheter site infection,Infecção no local do cateter
Catheter site inflammation,Inflamação do local do cateter
Catheter site pain,Dor do local do cateter
Catheter site phlebitis,Phlebitis do local do cateter
Catheter site related reaction,Reação relacionada ao local do cateter
Catheter thrombosis,Trombose do cateter
Cauda equina syndrome,Síndrome de Cauda Equina
Causalgia,Causalgia
Caustic injury,Lesão cáustica
Cellulitis,Celulite
Cellulitis gangrenous,Celulite Gangrenous
Cellulitis staphylococcal,Celulite estafilocócica
Central line infection,Infecção por linha central
Central nervous system disorder,Transtorno do sistema nervoso central
Central nervous system haemorrhage,Hemorragia do sistema nervoso central
Central nervous system infection,Infecção do sistema nervoso central
Central nervous system neoplasm,Neoplasia do sistema nervoso central
Central nervous system stimulation,Estimulação do sistema nervoso central
Central obesity,Obesidade central
Central retinal vein occlusion,Oclusão da veia da retina central
Central scotoma,Scotoma central
Central serous retinopathy,Retinopatia serosa central
Cerebellar ataxia,Ataxia cerebelar
Cerebellar atrophy,Atrofia cerebelar
Cerebellar infarction,Infarto cerebelar
Cerebellar oedema,Edema Cerebelar
Cerebellar syndrome,Síndrome do Cerebelar
Cerebral arterial aneurysm,Aneurisma arterial cerebral
Cerebral arteriosclerosis,Arteriosclerose cerebral
Cerebral arteritis,Arterite cerebral
Cerebral artery embolism,Embolia da artéria cerebral
Cerebral artery stenosis,Estenose da artéria cerebral
Cerebral atrophy,Atrofia cerebral
Cerebral dysfunction,Disfunção cerebral
Cerebral haematoma,Hematoma cerebral
Cerebral haemorrhage,Hemorragia cerebral
Cerebral hypoperfusion,Hipoperfusão cerebral
Cerebral infarction,Infarto cerebral
Cerebral ischaemia,Isquemia cerebral
Cerebral thrombosis,Trombose cerebral
Cerebral vasoconstriction,Vasoconstrição cerebral
Cerebral venous thrombosis,Trombose venosa cerebral
Cerebration impaired,Cerebração prejudicada
Cerebritis,Cerebite
Cerebrospinal fluid leakage,Vazamento de líquido cefalorraquidiano
Cerebrospinal fluid rhinorrhea,Rinorréia do líquido cefalorraquidiano
Cerebrovascular accident,Acidente cerebrovascular
Cerebrovascular disorder,Transtorno cerebrovascular
Cerebrovascular infarction,Infarto cerebrovascular
Cerebrovascular insufficiency,Insuficiência cerebrovascular
Cerumen impaction,Impactação de cerume
Ceruminosis,Ceruminose
Cervical adenitis,Adenite cervical
Cervical discharge,Descarga cervical
Cervical dysplasia,Displasia cervical
Cervical incompetence,Incompetência cervical
Cervical polyp,Pólipo cervical
Cervical smear test positive,Teste de mancha cervical positivo
Cervical vertebral fracture,Fratura vertebral cervical
Cervicitis,Cervicite
Cervicobrachial syndrome,Síndrome do cervicobrachial
Cervix carcinoma,Carcinoma do colo do útero
Cervix carcinoma stage 0,Cervix Carcinoma estágio 0
Cervix disorder,Transtorno do colo do útero
Cervix haemorrhage uterine,Uterina hemorragia do colo do útero
Cervix neoplasm,Neoplasia do colo do útero
Chalazion,Calázio
Chalky taste,Sabor calcário
Change in blood pressure,Mudança na pressão arterial
Change of bowel habit,Mudança de hábito intestinal
Chapped lips,Lábios rachados
Chapped skin,Pele rachada
Cheilitis,Cheilite
Cheilosis,Cheilose
Chemical burn,Queimadura química
Chemical conjunctivitis,Conjuntivite química
Chemical cystitis,Cistite química
Chemical eye injury,Lesão ocular química
Chemical injury,Lesão química
Chemical peritonitis,Peritonite química
Chemical phlebitis,Flebite química
Chemosis,Questose
Chest X-ray abnormal,Raios-X de Tóximo Anormal
Chest X-ray normal,Raios X de tórax Normal
Chest discomfort,Desconforto no peito
Chest heaviness,Peso no peito
Chest mass NOS,Massa torácica Nos
Chest pain,Dor no peito
Chest pain exertional,Esforço de dor no peito
Chest pressure,Pressão torácica
Chest pressure sensation of,Sensação de pressão torácica de
Chest tightness,Aperto no peito
Chest wall pain,Dor na parede torácica
Cheyne-Stokes respiration,Respiração Cheyne-Stokes
Chills,Calafrios
Chlamydial infection,Infecção por clamídia
Chloasma,Chloasma
Chloropsia,Cloropsia
Choking,Sufocando
Choking sensation,Sensação de sufoco
Cholangiocarcinoma,Colangiocarcinoma
Cholangitis,Colangite
Cholangitis sclerosing,Colangite esclerosante
Cholecystitis,Colecistite
Cholecystitis acute,Colecistite aguda
Cholecystitis and cholelithiasis,Colecistite e colelitíase
Cholecystitis chronic,Colecistite crônica
Cholecystitis infective,Colecistite infecciosa
Cholelithiasis,Colelitíase
Cholestasis,Colestase
Cholestasis extrahepatic,Colestase extra -hepática
Cholestasis intrahepatic,Colestase intra -hepática
Cholestatic liver disease,Doença hepática colestática
Cholestatic liver injury,Lesão hepática colestática
Cholesterol serum elevated,Soro de colesterol elevado
Cholinergic crisis,Crise colinérgica
Cholinergic syndrome,Síndrome colinérgica
Choluria,CHOLURIA
Chondrocalcinosis,Condrocalcinose
Chondrodystrophy,Condrodistrofia
Chondrolysis,Condrólise
Chondropathy,Condropatia
Chorea,Coréia
Choreiform,Coreiforme
Choreoathetoid movements,Movimentos coreoathotoides
Choreoathetosis,Coreoatetose
Choriocarcinoma,CORIOCARCINOMA
Chorioretinitis,Coriorretinite
Chorioretinopathy,Coriorretinopatia
Choroidal detachment,Destacamento coroidal
Choroidal effusion,Efusão coroidal
Choroidal nevus,Nevus coroidal
Choroiditis,Coroidite
Chromatopsia,Cromatopsia
Chromaturia,Cromatúria
Chromosomal mutation,Mutação cromossômica
Chronic allograft nephropathy,Nefropatia crônica do aloenxerto
Chronic anxiety,Ansiedade crônica
Chronic conjunctivitis,Conjuntivite crônica
Chronic diarrhea,Diarréia crônica
Chronic eosinophilic leukaemia,Leucemia eosinofílica crônica
Chronic fatigue syndrome,Síndrome da fadiga crônica
Chronic graft versus host disease,Enxerto crônico versus doença hospedeira
Chronic hepatic failure,Falha hepática crônica
Chronic hepatitis,Hepatite crônica
Chronic hepatitis B,Hepatite crônica B.
Chronic idiopathic constipation,Constipação idiopática crônica
Chronic insomnia,Insônia crônica
Chronic interstitial nephritis,Nefrite intersticial crônica
Chronic kidney disease,Doença renal crônica
Chronic leukaemia,Leucemia crônica
Chronic liver disease,Doença hepática crônica
Chronic lymphocytic leukaemia,Leucemia linfocítica crônica
Chronic myeloid leukaemia,Leucemia mielóide crônica
Chronic myelomonocytic leukaemia,Leucemia mielomonocítica crônica
Chronic obstructive pulmonary disease,Doença pulmonar obstrutiva crônica
Chronic pain,Dor crônica
Chronic peptic ulcer,Úlcera péptica crônica
Chronic phase chronic myeloid leukemia,Leucemia mielóide crônica crônica
Chronic renal insufficiency,Insuficiência renal crônica
Chronic sinusitis,Sinusite crônica
Chrysiasis,Crisíase
Chylothorax,Quylotórax
Ciliary muscle spasm,Espasmo muscular ciliar
Cinchonism,Cinchonismo
Circadian rhythm sleep disorder,Transtorno do sono ritmo circadiano
Circulatory depression,Depressão circulatória
Circumoral oedema,Edema circunoral
Circumoral paresthesia,Parestesia circunoral
Circumscribed scleroderma,Scleroderma circunscrito
Cirrhosis alcoholic,Cirrose Alcoólico
Citrate toxicity,Toxicidade de citrato
Claudication,Claudicação
Claustrophobia,Claustrofobia
Clavicle fracture,Fratura da clavícula
Cleft lip,Flobo Lip
Cleft palate,Fenda palatina
Clinical flare reaction,Reação clínica de flare
Clitoral engorgement,Ingestão do clitóris
Cloacal exstrophy,Extrofia cloacal
Clonic convulsion,Convulsão clônica
Clonic movements,Movimentos clônicos
Clonus,Clonus
Clostridial infection,Infecção fechada
Clostridium colitis,Colite de Clostridium
Clostridium difficile colitis,Colite de Clostridium difficile
Clotting,Coagulação
Cloudy urine,Urina nublada
Clubbing,Batbing
Clumsiness,Falta de jeito
Cluster headache,Dor de cabeça de cluster
Coagulation factor decreased,O fator de coagulação diminuiu
Coagulation necrosis,Necrose de coagulação
Coagulation test abnormal,Teste de coagulação anormal
Coagulation time prolonged,O tempo de coagulação prolongou
Coagulopathy,Coagulopatia
Coarctation of the aorta,Coarctação da aorta
Coccydynia,Coccydynia
Cochlear toxicity,Toxicidade coclear
Cognitive deterioration,Deterioração cognitiva
Cognitive disorder,Transtorno cognitivo
Cognitive impairment,Comprometimento cognitivo
Cogwheel rigidity,Rigidez da roda dentada
Coital bleeding,Sangramento coital
Cold feet,Pés frios
Cold hands,Mãos frias
Cold hands & feet,Mãos frias e pés
Cold intolerance,Intolerância a frio
Cold sweat,Suor frio
Cold symptoms,Sintomas de frio
Coldness,Frieza
Colitis,Colite
Colitis ischaemic,Colite isquêmica
Colitis microscopic,Colite microscópica
Colitis ulcerative,Colite ulcerosa
Collagen disorder,Transtorno do colágeno
Collagen-vascular disease,Doença de colágeno-vascular
Collapse,Colapso
Colon atonic,Cólon atônico
Colon cancer,Câncer de cólon
Colon obstruction,Obstrução do cólon
Colonic abscess,Abscesso colônico
Colonic polyp,Pólipo colônico
Colonic pseudo-obstruction,Pseudo-obstrrição do cólon
Color vision change,Mudança de visão de cores
Colorectal cancer,Câncer colorretal
Colorectal cancer metastatic,Câncer colorretal metastático
Colour blindness,Derronefismo
Colour blindness acquired,O daltonismo adquirido
Colpocele,Colpocele
Coma,Coma
Coma hepatic,Coma Hepatic
Comedone,Comedona
Common cold,Gripe comum
Common wart,Verruga comum
Community acquired infection,Infecção adquirida da comunidade
Community acquired pneumonia,Pneumonia adquirida na comunidade
Compartment syndrome,Síndrome do compartimento
Complete hearing loss,Perda auditiva completa
Completed suicide,Suicídio completo
Complex partial seizures,Convulsões parciais complexas
Complex regional pain syndrome,Síndrome complexa de dor regional
Complication of delivery,Complicação da entrega
Complication of device insertion,Complicação da inserção do dispositivo
Complication of pregnancy,Complicação da gravidez
Complications of transplant surgery,Complicações da cirurgia de transplante
Compression fracture,Fratura de compressão
Compulsions,Compulsões
Compulsive personality disorder,Transtorno da personalidade compulsiva
Compulsive sexual behaviour,Comportamento sexual compulsivo
Compulsive shopping,Compras compulsivas
Concussion,Concussão
Condition aggravated,Condição agravada
Conduction disorder,Transtorno da condução
Confusion aggravated,Confusão agravada
Confusion postoperative,Confusão pós -operatória
Confusional state,Estado de confusão
Congenital absence of bile ducts,Ausência congênita de ductos biliares
Congenital anomaly,Anomalia congênita
Congenital arterial malformation,Malformação arterial congênita
Congenital central nervous system anomaly,Anomalia do sistema nervoso central congênito
Congenital clubfoot,Pé de clubes congênitos
Congenital cystic kidney disease,Doença renal cística congênita
Congenital diaphragmatic hernia,Hérnia diafragmática congênita
Congenital eye disorder,Transtorno ocular congênito
Congenital foot malformation,Malformação congênita do pé
Congenital generalised lipodystrophy,Lipodistrofia generalizada congênita
Congenital genital malformation,Malformação genital congênita
Congenital genitourinary abnormality,Anormalidade geniturinária congênita
Congenital hydronephrosis,Hidronefrose congênita
Congenital hypertrophic pyloric stenosis,Estenose pilórica hipertrófica congênita
Congenital hypothyroidism,Hipotireoidismo congênito
Congenital joint malformation,Malformação da articulação congênita
Congenital limb hyperextension,Hiperextensão congênita do membro
Congenital megacolon,Megacolon congênito
Congenital musculoskeletal anomaly,Anomalia musculoesquelética congênita
Congenital oral malformation,Malformação oral congênita
Congenital renal cyst,Cisto renal congênito
Congenital skin disorder,Transtorno da pele congênita
Congenital vesicoureteric reflux,Refluxo vesicouretérico congênito
Congestive cardiomyopathy,Cardiomiopatia congestiva
Conjoined twins,Gêmeos conjuntos
Conjunctival bleb,Bleb conjuntival
Conjunctival congestion,Congestão conjuntival
Conjunctival cyst,Cisto conjuntival
Conjunctival discharge,Descarga conjuntival
Conjunctival disorder,Transtorno conjuntival
Conjunctival follicles,Folículos conjuntivais
Conjunctival haemorrhage,Hemorragia conjuntival
Conjunctival hyperaemia,Hiperemia conjuntival
Conjunctival irritation,Irritação conjuntival
Conjunctival oedema,Edema conjuntival
Conjunctival ulcer,Úlcera conjuntival
Conjunctival xerosis,Xerose conjuntival
Conjunctivitis,Conjuntivite
Conjunctivitis allergic,Alérgica da conjuntivite
Conjunctivitis bacterial,Conjuntivite bacteriana
Conjunctivitis exacerbated,Conjuntivite exacerbada
Conjunctivitis infective,Conjuntivite infecciosa
Conjunctivitis papillary,Conjuntivite papilar
Connective tissue disorder,Transtorno do tecido conjuntivo
Connective tissue inflammation,Inflamação do tecido conjuntivo
Consciousness abnormal,Consciência anormal
Consciousness clouding,Consciência nublado
Constipation,Constipação
Constipation aggravated,Constipação agravada
Constipation chronic,Constipação crônica
Contact lens intolerance,Intolerância à lente de contato
Contraceptive device complication,Complicação do dispositivo contraceptivo
Contracted bladder,Bexiga contratada
Contraction skeletal muscle,Músculo esquelético de contração
Contrast media reaction,Contraste a reação da mídia
Contusion,Contusão
Conversion disorder,Transtorno da conversão
Convulsion,Convulsão
Convulsion neonatal,Convulsão neonatal
Convulsions aggravated,Convulsões agravadas
Convulsions generalised,Convulsões generalizadas
Convulsive disorder,Transtorno convulsivo
Convulsive seizure,Convulsão convulsiva
Coombs direct test positive,Coombs Teste direto positivo
Coombs positive haemolytic anaemia,Anemia hemolítica positiva de Coombs
Coombs test positive,Coombs Teste positivo
Coordination abnormal,Coordenação anormal
Coordination disturbance,Perturbação da coordenação
Copper deficiency,Deficiência de cobre
Cor pulmonale,Cor Pulmonale
Corneal abrasion,Abrasão da córnea
Corneal calcification,Calcificação da córnea
Corneal decompensation,Descompensação da córnea
Corneal defect,Defeito da córnea
Corneal degeneration,Degeneração da córnea
Corneal deposits,Depósitos de córnea
Corneal disorder,Transtorno da córnea
Corneal dystrophy,Distrofia da córnea
Corneal epithelium defect,Defeito do epitélio da córnea
Corneal epithelium disorder,Transtorno do epitélio da córnea
Corneal erosion,Erosão da córnea
Corneal infiltrates,Infiltrados da córnea
Corneal irritation,Irritação da córnea
Corneal lesion,Lesão da córnea
Corneal oedema,Edema da córnea
Corneal opacity,Opacidade da córnea
Corneal perforation,Perfuração da córnea
Corneal pigmentation,Pigmentação da córnea
Corneal scar,Cicatriz da córnea
Corneal sensitivity decreased,A sensibilidade da córnea diminuiu
Corneal staining,Coloração da córnea
Corneal stromal edema,Edema estromal da córnea
Corneal thinning,Desbaste da córnea
Coronary artery disease,Doença arterial coronária
Coronary artery disease aggravated,Doença arterial coronariana agravada
Coronary artery insufficiency,Insuficiência da artéria coronária
Coronary artery occlusion,Oclusão da artéria coronária
Coronary artery stenosis,Estenose da artéria coronária
Coronary artery thrombosis,Trombose da artéria coronariana
Coronary heart disease,Doença cardíaca coronariana
Coronary stent thrombosis,Trombose do stent coronariano
Corpus callosum agenesis,Agenesia do Corpus Callosum
Corpus luteum cyst,Cisto de corpus luteum
Coryza,Coryza
Costochondritis,Costocondrite
Costovertebral angle tenderness,Sensibilidade do ângulo Costovertebral
Cotton wool spots,Manchas de algodão
Cough,Tosse
Cough decreased,A tosse diminuiu
Cough increased,A tosse aumentou
Cough suppression,Supressão da tosse
Coxalgia,Coxalgia
Cramp muscle,Músculos de cães
Cramp of limb,Cãibra do membro
Cramps of lower extremities,Cólicas de extremidades inferiores
Cranial nerve disorder,Transtorno do nervo craniano
Cranial nerve paralysis,Paralisia do nervo craniano
Craniosynostosis,Craniossinostose
Creatine increased,A creatina aumentou
Creatine phosphokinase increased,A creatina fosfocinase aumentou
Creatine phosphokinase serum increased,Soro de creatina fosfocinase aumentou
Creatinine abnormal NOS,Creatinina nº anormal nos
Creatinine increased,A creatinina aumentou
Creatinine low,Creatinina baixa
Creatinine normal,Creatinina Normal
Creatinine renal clearance decreased,A depuração renal de creatinina diminuiu
Crohn's disease,Doença de Crohn
Crohns disease aggravated,Doença de Crohns agravou
Cross reactive drug hypersensitivity,Hipersensibilidade ao medicamento reativo cruzado
Cross resistance,Resistência cruzada
Croup infectious,Crupo infeccioso
Crying,Choro
Crying abnormal,Chorando anormal
Cryptococcal cutaneous infection,Infecção cutânea criptocócica
Cryptococcosis,Criptococose
Cryptorchism,Criptorquismo
Cryptosporidiosis infection,Infecção por criptosporidiose
Crystal urine present,Urina cristalina presente
Crystalluria,CRISTALURIA
Crystalluria calcium,Crystaluria cálcio
Culture negative,Cultura negativa
Cushing's syndrome,Síndrome de Cushing
Cushingoid,Cushingoide
Cutaneous T-cell lymphoma,Linfoma de células T cutâneas
Cutaneous hypersensitivity,Hipersensibilidade cutânea
Cutaneous lupus erythematosus,Lúpus eritematoso cutâneo
Cutaneous sarcoidosis,Sarcoidose cutânea
Cutaneous vasculitis,Vasculite cutânea
Cutis anserina,Cutis Anserina
Cutis laxa,Cutis Laxa
Cyanopsia,Canopsia
Cyanosis,Cianose
Cyanosis peripheral,Cianose periférica
Cyanotic heart disease,Doença cardíaca cianótica
Cyclophoria,Cicloforia
Cycloplegia,Cicloplegia
Cyclosporine toxicity,Toxicidade da ciclosporina
Cyclothymic disorder,Transtorno ciclotímico
Cyst,Cisto
Cyst epidermal,Cisto epidérmico
Cystitis,Cistite
Cystitis haemorrhagic,Cistite hemorrágica
Cystitis interstitial,Cistite intersticial
Cystitis noninfective,Cistite não infecciosa
Cystitis viral,Cistite viral
Cystocele,Cistocele
Cystoid macular oedema,Edema macular cistoide
Cytarabine syndrome,Síndrome da citarabina
Cytogenetic abnormality,Anormalidade citogenética
Cytokine release syndrome,Síndrome de liberação de citocinas
Cytolytic hepatitis,Hepatite citolítica
Cytomegalovirus chorioretinitis,Citomegalovírus coriorretinite
Cytomegalovirus colitis,Colite de citomegalovírus
Cytomegalovirus gastritis,Gastrite por citomegalovírus
Cytomegalovirus hepatitis,Hepatite por citomegalovírus
Cytomegalovirus infection,Infecção por citomegalovírus
Cytomegalovirus retinitis,Retinite por citomegalovírus
Cytomegalovirus syndrome,Síndrome do citomegalovírus
Cytomegalovirus viraemia,Citomegalovírus viremia
Cytopenia,Citopenia
Cytotoxic oedema,Edema citotóxico
Dacryoadenitis acquired,Dacryoadenite adquirida
Dacryocanaliculitis,Dacryocanaliculite
Dacryocystitis,Dacryocistite
Dacryostenosis acquired,Dacritenose adquirida
Dactylitis,Dactilite
Dandruff,Caspa
Dark circles under eyes,Círculos escuros sob os olhos
Deafness,Surdez
Deafness bilateral,Surdez bilateral
Deafness neurosensory,Neurossensorial de surdez
Deafness permanent,Surdez permanente
Deafness transitory,Transitório de surdez
Deafness unilateral,Surdez Unilateral
Death,Morte
Death neonatal,Neonatal da morte
Decompensated cirrhosis,Cirrose descompensada
Decompensation cardiac,Descompensação cardíaca
Decreased appetite,Diminuição do apetite
Decreased immune responsiveness,Redução da capacidade de resposta imune
Decreased interest,Diminuição do interesse
Decreased night vision,Diminuição da visão noturna
Decreased tolerance,Diminuição da tolerância
Decreased vibratory sense,Diminuição do sentido vibratório
Decubitus ulcer,Úlcera de decúbito
Deep vein thrombosis,Trombose venosa profunda
Defaecation urgency,Urgência de defesa
Defect conduction intraventricular,Condução de defeitos intraventricular
Defective colour vision,Visão de cor defeituosa
Deficiency anaemia,Anemia de deficiência
Deficiency of bile secretion,Deficiência de secreção biliar
Degeneration of uterine fibroid,Degeneração do fibróide uterino
Dehydration,Desidratação
Delayed delivery,Entrega atrasada
Delayed gastric emptying,Esvaziamento gástrico atrasado
Delayed orgasm,Orgasmo atrasado
Delayed puberty,Puberdade atrasada
Delayed recovery from anaesthesia,Recuperação atrasada da anestesia
Delirium,Delírio
Delirium toxic,Delirium tóxico
Delirium tremens,Delirium tremens
Delusion,Ilusão
Delusional disorders,Distúrbios ilusórios
Delusional perception,Percepção ilusória
Dementia,Demência
Dementia Alzheimer's type,Demência do tipo Alzheimer
Dementia with Lewy bodies,Demência com corpos de Lewy
Demyelinating polyneuropathy,Polineuropatia desmielinizante
Demyelination,Desmielinização
Demyelination disorder NOS,Transtorno da desmielinização Nos
Dental caries,Cárie dentária
Dental discomfort,Desconforto dentário
Dentoalveolar abscess,Abscesso dentoalveolar
Dentofacial anomaly,Anomalia Dentofacial
Dependence,Dependência
Dependence on opiates,Dependência de opiáceos
Dependence physiological,Dependência fisiológica
Dependence psychological,Dependência psicológica
Depersonalisation,Despersonalização
Depersonalization syndrome,Síndrome da despersonalização
Deposit calcium,Depósito de cálcio
Deposit eye,Depósito olho
Depressed level of consciousness,Nível deprimido de consciência
Depressed mood,Humor deprimido
Depression,Depressão
Depression aggravated,Depressão agravada
Depression suicidal,Depressão suicida
Depressive disorder,Transtorno depressivo
Depressive episode,Episódio depressivo
Depressive symptom,Sintoma depressivo
Derealisation,Desrerealização
Dermal cyst,Cisto dérmico
Dermatillomania,Dermatilomania
Dermatitis,Dermatite
Dermatitis acneiform,Dermatite acneiforme
Dermatitis atopic,Dermatite atópica
Dermatitis bullous,Dermatite Boluss
Dermatitis contact,Dermatite contato
Dermatitis diaper,Fralda de dermatite
Dermatitis exfoliative,Dermatite esfoliativa
Dermatitis eyelid,Dermatite pálpebra
Dermatitis flare-up,Dermatite Flare-Up
Dermatitis hemorrhagic,Dermatite hemorrágica
Dermatitis infected,Dermatite infectada
Dermatitis irritant contact,Dermatite contato irritante
Dermatitis perioral,Dermatite perioral
Dermatitis psoriasiform,Dermatite psoriasiforme
Dermatitis radiation NOS,Radiação da dermatite nos
Dermatochalasis,Dermatochalasis
Dermatomyositis,Dermatomiosite
Dermatophytosis,Dermatofitose
Dermoid cyst,Cisto dermóide
Dermoid cyst of ovary,Cisto dermóide do ovário
Descemetitis,Descemetite
Destructive thyroiditis,Tireoidite destrutiva
Detachment of retinal pigment epithelium,Desapego do epitélio de pigmento da retina
Detachment psychological,Psicológico de destacamento
Detrusor instability,Instabilidade do detrusor
Developmental coordination disorder,Dispraxia
Developmental delay,Atraso no desenvolvimento
Developmental glaucoma,Glaucoma de desenvolvimento
Developmental hip dysplasia,Displasia do quadril de desenvolvimento
Device breakage,Quebra do dispositivo
Device capturing issue,Problema de captura de dispositivos
Device dislocation,Localização do dispositivo
Device expulsion,Expulsão do dispositivo
Device interaction,Interação do dispositivo
Device malfunction,Mau funcionamento do dispositivo
Device occlusion,Oclusão do dispositivo
Device related infection,Infecção relacionada ao dispositivo
Device related sepsis,Sepse relacionada ao dispositivo
Diabetes insipidus,Diabetes insipidus
Diabetes mellitus,Diabetes mellitus
Diabetes mellitus exacerbated,Diabetes mellitus exacerbado
Diabetes mellitus inadequate control,Diabetes mellitus Controle inadequado
Diabetic,Diabético
Diabetic autonomic neuropathy,Neuropatia autonômica diabética
Diabetic coma,Coma diabético
Diabetic complication,Complicação diabética
Diabetic foot infection,Infecção por pé diabético
Diabetic hyperglycaemic coma,Coma hiperglicêmico diabético
Diabetic hyperosmolar coma,Coma hiperosmolar diabético
Diabetic ketoacidosis,Cetoacidose diabética
Diabetic nephropathy,Nefropatia diabética
Diabetic neuropathy,Neuropatia diabética
Diabetic peripheral neuropathy,Neuropatia periférica diabética
Diabetic retinopathy,Retinopatia diabética
Diabetic vascular disorder,Transtorno vascular diabético
Dialysis dementia,Diálise demência
Diaphragmatic hernia,Hérnia diafragmática
Diarrhoea,Diarréia
Diarrhoea haemorrhagic,Diarréia hemorrágica
"Diarrhoea, Clostridium difficile","Diarréia, Clostridium difficile"
Diastolic dysfunction,Disfunção diastólica
Diastolic hypertension,Hipertensão diastólica
Diet refusal,Recusa da dieta
Difficulty focusing eyes,Dificuldade em focar nos olhos
Difficulty sleeping,Dificuldade em dormir
Difficulty thinking,Dificuldade em pensar
Diffuse alopecia,Alopecia difusa
Diffuse large B-cell lymphoma,Linfoma difuso de células B grandes
Digestion impaired,Digestão prejudicada
Digitalis intoxication (NOS),Intoxicação digital (NOS)
Digitalis toxicity,Toxicidade digital
Digoxin effect,Efeito digoxina
Digoxin level increased,O nível de digoxina aumentou
Digoxin toxicity,Toxicidade da digoxina
Dilatation atrial,Dilatação atrial
Dilatation ventricular,Dilatação ventricular
Diplegia,Diplomática
Diplopia,Diplópia
Direct bilirubin increased,A bilirrubina direta aumentou
Disability,Inabilidade
Discoid lupus erythematosus,Discoid Lupus eritematoso
Discomfort,Desconforto
Discomfort rectal,Desconforto retal
Disease progression,Progressão da doença
Disease recurrence,Recorrência da doença
Disequilibrium syndrome,Síndrome do desequilíbrio
Disinhibition,Desinibição
Disorder birth,Nascimento da desordem
Disorder calcium (NOS),Transtorno de cálcio (NOS)
Disorder periosteal,Transtorno periosteal
Disorder sight,Visão de desordem
"Disorders of fluid, electrolyte and acid-base balance","Distúrbios de equilíbrio fluido, eletrólito e ácido-base"
Disorientation,Desorientação
Disseminated intravascular coagulation,Coagulação intravascular disseminada
Disseminated tuberculosis,Tuberculose disseminada
Dissociation,Dissociação
Dissociative disorder,Transtorno dissociativo
Distention,Distensão
Distractibility,Distração
Distress,Sofrimento
Distress gastrointestinal,Sofrimento gastrointestinal
Disturbance in attention,Perturbação na atenção
Disturbance in sexual arousal,Perturbação na excitação sexual
Disulfiram like reaction,DISULFIRAM LIGO REAÇÃO
Diuresis,Diurese
Diuretic effect,Efeito diurético
Diverticular perforation,Perfuração diverticular
Diverticulitis,Diverticulite
Diverticulitis aggravated,Diverticulite agravada
Diverticulum,Diverticulum
Diverticulum intestinal,Intestinal de diverticulum
Dizziness,Tontura
Dizziness aggravated,Tontura agravada
Dizziness exertional,Tontura esforçada
Dizziness postural,Tontura postural
Dizzy spells,Feitiços tonto
Dreaming excessive,Sonhando excessivo
Dreamy state,Estado sonhador
Drooling,Babando
Dropped beats,Cairam batidas
Drowsiness,Sonolência
Drug - food interaction,Droga - interação alimentar
Drug abuse,Abuso de drogas
Drug administration error,Erro de administração de medicamentos
Drug craving,Desejo de drogas
Drug dependence,Dependência de drogas
Drug effect decreased,O efeito da droga diminuiu
Drug effect increased,O efeito da droga aumentou
Drug effect prolonged,Efeito de drogas prolongado
Drug eruption,Erupção de drogas
Drug fever,Febre da droga
Drug hypersensitivity,Hipersensibilidade à droga
Drug ineffective,Droga ineficaz
Drug interaction,Interação medicamentosa
Drug intolerance,Intolerância à droga
Drug level changed,O nível de drogas mudou
Drug level decreased,O nível de drogas diminuiu
Drug level increased,O nível de drogas aumentou
Drug maladministration,Maladministração de drogas
Drug reaction with eosinophilia and systemic symptoms,Reação de drogas com eosinofilia e sintomas sistêmicos
Drug screen positive,Tela de drogas positiva
Drug seeking behavior,Comportamento de busca de drogas
Drug tolerance,Tolerância a drogas
Drug tolerance decreased,A tolerância a drogas diminuiu
Drug toxicity,Toxicidade de drogas
Drug withdrawal convulsions,Convulsões de retirada de drogas
Drug withdrawal syndrome,Síndrome de retirada de drogas
Drug withdrawal syndrome neonatal,Síndrome de retirada de drogas neonatal
Drug-induced cough,Tosse induzida por drogas
Drug-induced hepatitis,Hepatite induzida por drogas
Drug-induced hypersensitivity syndrome,Síndrome de hipersensibilidade induzida por drogas
Drug-induced liver injury,Lesão hepática induzida por drogas
Drug-induced lupus erythematosus,Lúpus eritematoso induzido por drogas
Drug-induced parkinsonism,Parkinsonismo induzido por drogas
Dry cough,Tosse seca
Dry eye,Olho seco
Dry eye syndrome,Síndrome do olho seco
Dry hair,Cabelos secos
Dry mouth,Boca seca
Dry scalp,Couro cabeludo seco
Dry skin,Pele seca
Dry throat,Garganta seca
Duodenal perforation,Perfuração duodenal
Duodenal ulcer,Úlcera duodenal
Duodenal ulcer aggravated,Úlcera duodenal agravada
Duodenal ulcer haemorrhage,Hemorragia de úlcera duodenal
Duodenal ulcer perforation,Perfuração da úlcera duodenal
Duodenitis,Duodenite
Duodenitis haemorrhagic,Duodenite hemorrágica
Dupuytren's contracture,Contratura de Dupuytren
Dwarfism,Anão
Dysacusis,Disacusis
Dysaesthesia,Disaestesia
Dysaesthesia pharynx,Disaestesia faringe
Dysarthria,Disartria
Dysautonomia,Disautonomia
Dyschezia,Dischezia
Dyschromatopsia,Discromatopsia
Dysdiadochokinesis,Disdiadococinesia
Dysentery,Disenteria
Dysequilibrium,DyStequesilibrium
Dysfunction adrenal,Disfunção adrenal
Dysfunction thyroid,Disfunção tireóide
Dysgeusia,Dysgeusia
Dysgraphia,Disgraphia
Dyshidrotic eczema,Eczema disidrótico
Dyskinesia,Diskinesia
Dyslexia,Dislexia
Dyslipidaemia,Dislipidemia
Dysmenorrhoea,Dismenorreia
Dysmetria,Dismetria
Dysmorphism,Dismorfismo
Dysosmia,Disosmia
Dyspareunia,Dyspareunia
Dyspepsia,Dispepsia
Dyspepsia aggravated,Dispepsia agravada
Dyspeptic signs and symptoms,Sinais e sintomas dispéticos
Dysphagia,Disfagia
Dysphasia,Disfasia
Dysphemia,Disfemia
Dysphonia,Disfonia
Dysphoria,Disforia
Dysplasia,Displasia
Dyspnoea,Dispneia
Dyspnoea at rest,Dispneia em repouso
Dyspnoea exacerbated,Dyspneea exacerbada
Dyspnoea exertional,Dyspneea Exercional
Dyspnoea paroxysmal nocturnal,Dispnea paroxística noturna
Dyssomnia,DISSOMNIA
Dysstasia,Disstasia
Dysthymic disorder,Transtorno distímico
Dystonia,Distonia
Dystonic reaction,Reação distônica
Dystrophic calcification,Calcificação distrófica
Dysuria,Disúria
ECG signs of myocardial ischaemia,Sinais de ECG de isquemia miocárdica
Ear and labyrinth disorders,Distúrbios da orelha e labirinto
Ear buzzing,Zumbido da orelha
Ear canal erythema,ERER ERYTHEMA
Ear congestion,Congestão da orelha
Ear discomfort,Desconforto da orelha
Ear disorder,Transtorno da orelha
Ear disorders NEC,Distúrbios da orelha NEC
Ear feels clogged,A orelha se sente entupida
Ear haemorrhage,Hemorragia da orelha
Ear infection,Infecção por ouvido
Ear malformation,Malformação da orelha
Ear pain,Dor na orelha
Ear pruritus,Prurido da orelha
Ear roaring,Ouvido rugindo
Early menarche,Menaria precoce
Early satiety,Saciedade precoce
Eating disorder,Transtorno alimentar
Ecchymosis,ECCIMOSE
Echoacousia,Ecoacousia
Echocardiogram abnormal,Ecocardiograma anormal
Echolalia,Echolalia
Eclampsia,Eclampsia
Ectopic ACTH syndrome,Síndrome do ACTH ectópico
Ectopic ossification,Ossificação ectópica
Ectopic pregnancy,Gravidez ectópica
Ectromelia,Ectromelia
Ectropion,Ectropion
Ectropion of cervix,Ectopion do colo do útero
Eczema,Eczema
Eczema allergic atopic,Eczema alérgico atópico
Eczema exacerbated,Eczema exacerbado
Eczema eyelids,Pálpebras eczema
Eczema herpeticum,Eczema herpeticum
Eczema infected,Eczema infectado
Edema cerebral,Edema cerebral
Edema hands,Mãos de edema
Edema of lower extremities,Edema de extremidades inferiores
Edema transient,Edema transitório
Effusion,Efusão
Effusion of knee,Efusão do joelho
Ejaculation decreased,A ejaculação diminuiu
Ejaculation delayed,Ejaculação atrasada
Ejaculation disorder,Transtorno da ejaculação
Ejaculation failure,Falha de ejaculação
Ejaculation inhibited,Ejaculação inibida
Ejection fraction decreased,A fração de ejeção diminuiu
Elastosis perforans,Elastose Perforans
Electric shock,Choque elétrico
Electrocardiogram PR prolongation,Prolongamento do PR do eletrocardiograma
Electrocardiogram PR shortened,O eletrocardiograma PR encurtado
Electrocardiogram QRS complex,EXPRESSÃO ELETROCARDIOGRAMO QRS
Electrocardiogram QRS complex abnormal,Complexo de Eletrocardiograma QRS anormal
Electrocardiogram QRS complex prolonged,Eletrocardiograma QRS complexo prolongou
Electrocardiogram QT corrected interval,Intervalo corrigido de eletrocardiograma QT
Electrocardiogram QT corrected interval prolonged,Eletrocardiograma Qt de intervalo corrigido prolongado
Electrocardiogram QT interval,Intervalo QT do eletrocardiograma
Electrocardiogram QT interval abnormal,Eletrocardiograma QT de intervalo anormal
Electrocardiogram QT prolonged,Eletrocardiograma QT prolongado
Electrocardiogram QT shortened,Eletrocardiograma QT encurtado
Electrocardiogram ST segment,Segmento ST de eletrocardiograma
Electrocardiogram ST segment abnormal,Eletrocardiograma ST segmento anormal
Electrocardiogram ST segment depression,Depressão do segmento de eletrocardiograma
Electrocardiogram ST segment elevation,Elevação do segmento de eletrocardiograma ST
Electrocardiogram ST-T change,Alteração do eletrocardiograma ST-T
Electrocardiogram ST-T segment abnormal,Segmento de Eletrocardiograma St-T anormal
Electrocardiogram T wave abnormal,Eletrocardiograma T onda t anormal
Electrocardiogram T wave amplitude decreased,A amplitude da onda T de eletrocardiograma diminuiu
Electrocardiogram T wave inversion,Inversão de onda T de eletrocardiograma
Electrocardiogram U wave present,Eletrocardiograma U onda presente
Electrocardiogram U-wave abnormality,Anormalidade da onda U do eletrocardiograma
Electrocardiogram abnormal,Eletrocardiograma anormal
Electrocardiogram abnormal specific,Específico anormal do eletrocardiograma
Electrocardiogram change,Alteração do eletrocardiograma
Electrocardiogram poor R-wave progression,Eletrocardiograma Pobre a onda R Progressão
Electrocardiogram repolarisation abnormality,Anormalidade da repolarização do eletrocardiograma
Electroencephalogram abnormal,Eletroencefalograma anormal
Electrolyte abnormality,Anormalidade eletrolítica
Electrolyte depletion,Depleção de eletrólitos
Electrolyte disturbance,Perturbação eletrolítica
Electrolyte imbalance,Desequilíbrio eletrolítico
Electrolytes NOS decreased,Os eletrólitos NOS diminuíram
Electroretinogram abnormal,Electrorretinograma anormal
Elevated liver enzyme levels,Níveis elevados de enzimas hepáticas
Elevated mood,Humor elevado
Embolic stroke,Derrame embólico
Embolism,Embolia
Embolism arterial,Embolia arterial
Embolism arterial (limb),Embolia arterial (membro)
Embolism limb,Membro da embolia
Embolism venous,Embolia venosa
Embolus,Embolus
Embolus leg,Perna de embolia
Emotional disorder,Transtorno emocional
Emotional distress,Sofrimento emocional
Emotional disturbance NOS,Perturbação emocional nos
Emotional poverty,Pobreza emocional
Emotional problems,Problemas emocionais
Emphysema,Enfisema
Emprosthotonus,Emprosthotonus
Enanthema,Enantema
Encephalitis,Encefalite
Encephalitis cytomegalovirus,Encefalite citomegalovírus
Encephalitis viral,Encefalite viral
Encephalocele,Encefalocele
Encephalopathy,Encefalopatia
Encephalopathy acute,Encefalopatia aguda
End stage AIDS,Auxílios finais
End stage liver disease,Doença do fígado do estágio final
Endocardial fibrosis,Fibrose endocárdica
Endocarditis,Endocardite
Endocrine disorder,Transtorno endócrino
Endocrine neoplasms malignant and unspecified,Neoplasias endócrinas malignas e não especificadas
Endometrial adenocarcinoma,Adenocarcinoma endometrial
Endometrial cancer,Câncer endometrial
Endometrial disorder,Transtorno endometrial
Endometrial hyperplasia,Hiperplasia endometrial
Endometrial hypertrophy,Hipertrofia endometrial
Endometrial neoplasm,Neoplasia endometrial
Endometrial neoplasm malignant,Neoplasia endometrial maligna
Endometrial thickening,Espessamento endometrial
Endometriosis,Endometriose
Endometritis,Endometrite
Endophthalmitis,Endoftalmite
Endotracheal intubation complication,Complicação de Intubação endotraqueal
Endotracheal tube obstruction,Obstrução do tubo endotraqueal
Energy increased,A energia aumentou
Enlarged clitoris,Clitoris aumentado
Enlargement abdomen,Aumentando o abdômen
Enophthalmos,Enophthalmos
Enteritis,Enterite
Enterobacter sepsis,Sepse Enterobacter
Enterobiasis,Enterobíase
Enterococcal bacteraemia,Bacteremia enterocócica
Enterococcal infection,Infecção enterocócica
Enterocolitis,Enterocolite
Enterocolitis haemorrhagic,Enterocolite hemorrágica
Enterocolitis infectious,Enterocolite infecciosa
Enterocutaneous fistula,Fístula enterocutânea
Enuresis,Enurese
Enzyme abnormality,Anormalidade enzimática
Enzyme induction,Indução enzimática
Eosinopenia,Eosinopenia
Eosinophil count abnormal,Contagem de eosinófilos anormais
Eosinophil count increased,A contagem de eosinófilos aumentou
Eosinophilia,Eosinofilia
Eosinophilic cystitis,Cistite eosinofílica
Eosinophilic myocarditis,Miocardite eosinofílica
Eosinophilic pneumonia,Pneumonia eosinofílica
Eosinophilic pustular folliculitis,Foliculite pustular eosinofílica
Eosinophiluria,Eosinofilúria
Ephelides,Efelídeos
Epicondylitis,Epicondilite
Epidermal and dermal conditions,Condições epidérmicas e dérmicas
Epidermal growth factor receptor decreased,O receptor do fator de crescimento epidérmico diminuiu
Epidermal naevus,Naevus epidérmico
Epidermal necrosis,Necrose epidérmica
Epidermolysis,Epidermólise
Epidermolysis bullosa,Epidermólise Bolosa
Epididymal tenderness,Sensibilidade epididimal
Epididymitis,Epididimite
Epididymo-orchitis,Epididymo-orquite
Epidural haemorrhage,Hemorragia peridural
Epidural lipomatosis,Lipomatose epidural
Epigastric discomfort,Desconforto epigástrico
Epigastric distress,Sofrimento epigástrico
Epigastric fullness,Plenitude epigástrica
Epigastric pain,Dor epigástrica
Epigastric pain not food-related,Dor epigástrica não relacionada a alimentos
Epiglottitis,Epiglotite
Epilepsy,Epilepsia
Epilepsy aggravated,Epilepsia agravada
Epiphyses premature fusion,Epifises fusão prematura
Epiphysiolysis,Epifisiolise
Episcleritis,Episclerite
Epistaxis,Epistaxia
Epithelial cells urine,Células epiteliais urina
Epstein-Barr virus infection,Infecção pelo vírus Epstein-Barr
Equilibrium loss,Perda de equilíbrio
Erectile dysfunction,Disfunção erétil
Erection increased,A ereção aumentou
Erection prolonged,Ereção prolongada
Ergot poisoning,Envenenamento por ergot
Erosive oesophagitis,Esofagite erosiva
Eructation,Eructação
Eruption,Erupção
Eruption lichenoid,Erupção liquenóide
Eruptive xanthoma,Xanthoma eruptivo
Erysipelas,Erisipela
Erythema,Eritema
Erythema annulare,ERYTHEMA ANNULARE
Erythema annulare centrifugum,ERYTHEMA ANNULARE CENTRIFUGUM
Erythema facial,ERYTHEMA FACIAL
Erythema infectiosum,Eritema infectioso
Erythema multiforme,Eritema multiforme
Erythema multiforme minor,Eritema multiforme menor
Erythema nodosum,Eritema nodoso
Erythema of eyelid,Eritema da pálpebra
Erythema periorbital,Eritema periorbital
Erythrasma,Eritrasma
Erythrocytosis,Eritrocitose
Erythrodermic psoriasis,Psoríase eritrodérmica
Erythroleukaemia,Eritroleukemia
Erythromelalgia,Eritomelalgia
Erythropenia,Eritropenia
Erythropoiesis abnormal,Eritropoiese anormal
Erythropsia,Eritropsia
Erythrosis,Erittrose
Eschar,Escara
Escherichia bacteraemia,Bacteremia de Escherichia
Escherichia sepsis,Sepse de Escherichia
Esophageal erosions,Erosões de esôfago
Essential hypertension,Hipertensão essencial
Essential thrombocythaemia,Trombocitemia essencial
Essential tremor,Tremor essencial
Euphoric mood,Humor eufórico
Eustachian tube disorder,Transtorno do tubo Eustáquiano
Euthyroid goiter,Bócio de eutireóide
Evans syndrome,Síndrome de Evans
Exacerbation of acne,Exacerbação da acne
Exacerbation of asthma,Exacerbação da asma
Exacerbation of hot flushes,Exacerbação de afastamento
Excessive daytime sleepiness,Sonolência diurna excessiva
Excessive flatulence,Flatulência excessiva
Excessive granulation tissue,Tecido de granulação excessiva
Excessive thirst,Sede excessiva
Excitability,Excitabilidade
Excitation cerebral,Excitação cerebral
Excitement,Excitação
Excoriation,Escoriação
Exencephaly,Exencefalia
Exfoliative conditions,Condições esfoliativas
Exfoliative rash,Erupção cutânea esfoliativa
Exhaustion,Exaustão
Exomphalos,Exomphalos
Exophthalmos,EXOFTALALMOS
Exostosis,Exostose
Explosive personality disorder,Transtorno de personalidade explosiva
Exposure to poisonous plant,Exposição à planta venenosa
Exposure to toxic agent,Exposição ao agente tóxico
Expressive language disorder,Transtorno de linguagem expressiva
Extensor plantar response,Resposta plantar extensor
External ear disorder,Transtorno externo da orelha
External ophthalmoplegia,Oftalmoplegia externa
Extradural abscess,Abscesso extrradural
"Extranodal NK/T-cell lymphoma, nasal type","Linfoma extranodal de células T extranodais, tipo nasal"
Extrapulmonary pneumocystosis,Pneumocistose extrapulmonar
Extrapyramidal disorder,Transtorno extrapiramidal
Extrapyramidal symptoms,Sintomas extrapiramidais
Extraskeletal ossification,Ossificação extra -esquelética
Extrasystoles,Extrasystoles
Extravasation,Extravasamento
Extremity contracture,Contratura da extremidade
Extremity necrosis,Necrose da extremidade
Eye allergy,Alergia ocular
Eye bleeding,Olho sangrando
Eye burns,Olhos queimam
Eye discharge,Descarga ocular
Eye disorder,Transtorno ocular
Eye haemorrhage,Hemorragia ocular
Eye infection,Infecção ocular
Eye infection viral,Infecção ocular viral
Eye injury,Lesão ocular
Eye irritation,Irritação nos olhos
Eye movement disorder,Transtorno do movimento ocular
Eye naevus,Olho Naevus
Eye oedema,Edema ocular
Eye pain,Dor nos olhos
Eye penetration,Penetração ocular
Eye pruritus,Prurido dos olhos
Eye redness,Vermelhidão ocular
Eye rolling,Olhos rolando
Eye swelling,Inchaço ocular
Eye ulcer,Úlcera ocular
Eyebrow loss of,Perda de sobrancelha de
Eyelash darkening,Cinelas escurecendo
Eyelash discolouration,Descoloração dos cílios
Eyelash hyperpigmentation,Hiperpigmentação de cílios
Eyelash thickening,Espessamento dos cílios
Eyelid bleeding,Sangramento da pálpebra
Eyelid disorder,Transtorno da pálpebra
Eyelid exfoliation,Esfoliação da pálpebra
Eyelid function disorder,Transtorno da função da pálpebra
Eyelid infection,Infecção pelas pálpebras
Eyelid irritation,Irritação pálpebra
Eyelid margin crusting,Margem de pálpebra crosta
Eyelid oedema,Edema da pálpebra
Eyelid pain,Dor da pálpebra
Eyelid ptosis,Ptose pálpebra
Eyelid retraction,Retracração da pálpebra
Eyelids pruritus,Purito das pálpebras
Face injury,Lesão face
Face oedema,Edema de rosto
Facial bones fracture,Fratura dos ossos faciais
Facial neuralgia,Neuralgia facial
Facial pain,Dor facial
Facial paralysis,Paralisia facial
Facial paresis,Paresia facial
Facial paresthesia,Parestesia facial
Facial rash,Erupção cutânea facial
Facial spasm,Espasmo facial
Facial wasting,Desperdício facial
Factor I deficiency,Deficiência de fator I.
Factor II deficiency,Deficiência do fator II
Factor VIII deficiency,Deficiência do fator VIII
Factor XI deficiency,Deficiência do fator XI
Faecal incontinence,Incontinência fecal
Faecal occult blood positive,Sangue oculto fecal positivo
Faecalith,Faecalith
Faecaloma,Feecaloma
Faeces discoloured,Felas descoloridas
Faeces hard,Felas duras
Failed induction of labour,Indução fracassada do trabalho
Failure to thrive,Falha em prosperar
Fall,Cair
Fallopian tube cyst,Cisto de tubo de falópio
Fallot's tetralogy,Tetralogia de Fallot
Familial tremor,Tremor familiar
Family stress,Estresse familiar
Fanconi syndrome,Síndrome de Fanconi
Fanconi syndrome acquired,Síndrome de Fanconi adquirida
Fasciculation,Fasciculação
Fasciitis,Fascite
Fasting,Jejum
Fasting blood glucose increased,A glicose no sangue em jejum aumentou
Fasting hyperglycaemia,Hiperglicemia em jejum
Fat atrophy,Atrofia de gordura
Fat embolism,Embolia gorda
Fat intolerance,Intolerância a gordura
Fat necrosis,Necrose gorda
Fat redistribution,Redistribuição de gordura
Fat tissue increased,O tecido adiposo aumentou
Fatal outcomes,Resultados fatais
Fatigability,Fatigabilidade
Fatigue,Fadiga
Fatigue aggravated,Fadiga agravada
Fear,Temer
Febrile bone marrow aplasia,Aplasia da medula óssea febril
Febrile convulsion,Convulsão febril
Febrile disorders,Distúrbios febris
Febrile neutropenia,Neutropenia febril
Feces bloodstained,Feces Blood Staied
Feeling abnormal,Sentindo -se anormal
Feeling cold,Sentindo frio
Feeling drunk,Sentindo -se bêbado
Feeling hot,Sentindo -se quente
Feeling hot and cold,Sentindo -se quente e frio
Feeling jittery,Sentindo -se nervoso
Feeling of body temperature change,Sentimento de mudança de temperatura corporal
Feeling of despair,Sentimento de desespero
Feeling of relaxation,Sentimento de relaxamento
Feeling of residual urine,Sentimento de urina residual
Feeling sad,Sentindo -se triste
Feeling sick,Sentindo -se doente
Feeling strange,Sentindo -se estranho
Feeling tense,Sentindo -se tenso
Feelings of worthlessness,Sentimentos de inutilidade
Felt faint,Senti fraco
Female orgasmic disorder,Transtorno orgásmico feminino
Female reproductive neoplasm,Neoplasia reprodutiva feminina
Female sexual arousal disorder,Transtorno de excitação sexual feminina
Female sexual dysfunction,Disfunção sexual feminina
Feminisation acquired,Feminização adquirida
Feminization,Feminização
Femoral artery thrombosis,Trombose da artéria femoral
Femoral neck fracture,Fratura do pescoço femoral
Femur fracture,Fratura do fêmur
Femur fracture subtrochanteric,Fratura do fêmur subtrocantérico
Femur shaft fracture,Fratura do eixo do fêmur
Fertility female decreased,A fêmea de fertilidade diminuiu
Fertility male decreased,O homem de fertilidade diminuiu
Fertilization,Fertilização
Festinating gait,Festinando marcha
Fever chills,Arrepios de febre
Fever neonatal,Febre neonatal
Fever of unknown origin,Febre de origem desconhecida
Fibrillation atrial aggravated,Fibrilação atrial agravada
Fibrinogen decreased,O fibrinogênio diminuiu
Fibroadenoma of breast,Fibroadenoma da mama
Fibroadenosis of breast,Fibroadenose da mama
Fibrocystic breast disease,Doença da mama fibrocística
Fibrocystic disease,Doença fibrocística
Fibroma,Fibroma
Fibromyalgia,Fibromialgia
Fibrosis,Fibrose
Finger deformity,Deformidade do dedo
Fistula,Fístula
Fixed drug eruption,Erupção fixa de drogas
Fixed eruption,Erupção fixa
Flank pain,Dor de flanco
Flat affect,Afeto plano
Flatulence,Flatulência
Flight of ideas,Flight of Ideas
Floating feeling,Sentimento flutuante
Floppy infant,Infantil de disquete
Floppy iris syndrome,Síndrome de Iris de disquete
Flu symptoms,Sintomas da gripe
Fluid and electrolyte imbalance,Desequilíbrio de fluido e eletrólito
Fluid imbalance,Desequilíbrio fluido
Fluid intake increased,A ingestão de fluidos aumentou
Fluid intake reduced,A ingestão de fluidos reduzida
Fluid loss,Perda de fluido
Fluid overload,Sobrecarga de fluido
Fluid retention,Retenção de fluidos
Fluoride increased,Fluoreto aumentou
Fluorosis,Fluorose
Flushing,Lavagem
Focal segmental glomerulosclerosis,Glomerulosclerose segmentar focal
Foetal acidosis,Acidose fetal
Foetal alcohol syndrome,Síndrome do álcool fetal
Foetal anticonvulsant syndrome,Síndrome anticonvulsivante fetal
Foetal chromosome abnormality,Anormalidade do cromossomo fetal
Foetal damage,Dano fetal
Foetal death,Morte fetal
Foetal disorder,Transtorno fetal
Foetal distress syndrome,Síndrome do sofrimento fetal
Foetal heart rate,Freqüência cardíaca fetal
Foetor hepaticus,Foetor hepaticus
Folate deficiency,Deficiência de folato
Follicular conjunctivitis,Conjuntivite folicular
Folliculitis,Foliculite
Fontanelle bulging,Fontanelle incha
Food allergy,Alergia alimentar
Food aversion,Aversão alimentar
Food craving,Desejo de comida
Food interaction,Interação alimentar
Food intolerance,Intolerância alimentar
Food poisoning,Intoxicação alimentar
Foot and mouth disease,Doença do pé e boca
Foot edema,Edema de pé
Foot fracture,Fratura do pé
Foot infection fungal NOS,Infecção fúngica de infecção nos pés
Foot pain,Dor no pé
Footdrop,Footdrop
Foramen ovale patent,Foramen ovale patente
Forced expiratory volume decreased,O volume expiratório forçado diminuiu
Foreign body,Corpo estranho
Foreign body in eye,Corpo estranho no olho
Foreign body sensation in eyes,Sensação do corpo estranho nos olhos
Forgetfulness,Esquecimento
Formication,Formigamento
Found dead,Encontrado morto
Found dead (cause undetermined),Encontrado morto (causa indeterminada)
Fraction of inspired oxygen,Fração de oxigênio inspirado
Fracture,Fratura
Frank hematuria,Frank Hematuria
Free prostate-specific antigen increased,Antígeno específico da próstata livre aumentou
Freezing phenomenon,Fenômeno de congelamento
Frequent bowel movements,Movimentos intestinais frequentes
Frequent headaches,Dores de cabeça frequentes
Friction rub,Fricção de fricção
Frigidity,Frigidez
Frozen shoulder,Ombro congelado
Fructose intolerance,Intolerância à frutose
Frustration,Frustração
Fullness abdominal,Plenitude abdominal
Function kidney decreased,O rim da função diminuiu
Functional gastrointestinal disorder,Transtorno gastrointestinal funcional
Fundic gland polyp,Pólipo da glândula do fundo
Fungaemia,Fungeemia
Fungal infection,Infecção fúngica
Fungal peritonitis,Peritonite fúngica
Fungal rash,Erupção de fungos
Fungal sepsis,Sepse fúngica
Fungal skin infection,Infecção por pele fúngica
Fungal test positive,Teste de fungos positivo
Fungus sputum test positive,Teste de escarro de fungo positivo
Furuncle,Furúnculo
Furunculosis,Furunculose
Fuzzy head,Cabeça difusa
Gagging,Engajando
Gait disturbance,Perturbação da marcha
Gait shuffling,Marcada de marcha
Galactorrhoea,Galactorrhoea
Gallbladder cancer,Câncer da vesícula biliar
Gallbladder disorder,Transtorno da vesícula biliar
Gallbladder polyp,Pólipo da vesícula biliar
Gallbladder sludge,Lodo da vesícula biliar
Gallop rhythm,Ritmo de galope
Gamma globulins increased,Gamma Globulins aumentou
Gamma-glutamyltransferase increased,A gama-glutamiltransferase aumentou
Gammaglobulins decreased,As gammaglobulinas diminuíram
Gangrene,Gangrena
Gangrenous cholecystitis,Colecistite gangrenosa
Gas,Gás
Gas gangrene,Gangrena a gás
Gas in stomach,Gás no estômago
Gas pain,Dor a gás
Gasping,Ofegante
Gastric atony,Atonia gástrica
Gastric cancer,Câncer gástrico
Gastric dilatation,Dilatação gástrica
Gastric disorder,Transtorno gástrico
Gastric erosions,Erosões gástricas
Gastric flu,Gripe gástrica
Gastric haemorrhage,Hemorragia gástrica
Gastric irritation,Irritação gástrica
Gastric pH decreased,O pH gástrico diminuiu
Gastric perforation,Perfuração gástrica
Gastric polyps,Pólipos gástricos
Gastric ulcer,Úlcera gástrica
Gastric ulcer haemorrhage,Hemorragia de úlcera gástrica
Gastric ulcer helicobacter,Helicobacter da úlcera gástrica
Gastric ulcer perforation,Perfuração da úlcera gástrica
Gastrinoma,Gastrinoma
Gastritis,Gastrite
Gastritis aggravated,Gastrite agravada
Gastritis erosive,Gastrite erosiva
Gastritis haemorrhagic,Gastrite hemorrágica
Gastritis viral,Gastrite viral
Gastroduodenitis,Gastroduodenite
Gastroenteritis,Gastroenterite
Gastroenteritis adenovirus,Gastroenterite adenovírus
Gastroenteritis bacterial,Gastroenterite bacteriana
Gastroenteritis salmonella,Gastroenterite Salmonella
Gastroenteritis yersinia,Gastroenterite Yersinia
Gastrointestinal candidiasis,Candidíase gastrointestinal
Gastrointestinal carcinoma,Carcinoma gastrointestinal
Gastrointestinal cramps,Cólicas gastrointestinais
Gastrointestinal discomfort,Desconforto gastrointestinal
Gastrointestinal disorder,Transtorno gastrointestinal
Gastrointestinal fistula,Fístula gastrointestinal
Gastrointestinal fullness,Plenitude gastrointestinal
Gastrointestinal fungal infection,Infecção fúngica gastrointestinal
Gastrointestinal haemorrhage,Hemorragia gastrointestinal
Gastrointestinal hypermotility,Hipermotilidade gastrointestinal
Gastrointestinal hypomotility,Hipomotilidade gastrointestinal
Gastrointestinal infection,Infecção gastrointestinal
Gastrointestinal inflammation,Inflamação gastrointestinal
Gastrointestinal inflammatory conditions,Condições inflamatórias gastrointestinais
Gastrointestinal malformation,Malformação gastrointestinal
Gastrointestinal motility disorder,Transtorno da motilidade gastrointestinal
Gastrointestinal necrosis,Necrose gastrointestinal
Gastrointestinal neoplasm,Neoplasia gastrointestinal
Gastrointestinal neoplasm malignant,Neoplasia gastrointestinal maligna
Gastrointestinal obstruction,Obstrução gastrointestinal
Gastrointestinal pain,Dor gastrointestinal
Gastrointestinal perforation,Perfuração gastrointestinal
Gastrointestinal signs and symptoms,Sinais e sintomas gastrointestinais
Gastrointestinal signs and symptoms NEC,Sinais e sintomas gastrointestinais
Gastrointestinal sounds abnormal,Sons gastrointestinais anormais
Gastrointestinal stoma complication,Complicação do estoma gastrointestinal
Gastrointestinal stromal tumour,Tumor estromal gastrointestinal
Gastrointestinal symptom NOS,Sintoma gastrointestinal nos
Gastrointestinal toxicity,Toxicidade gastrointestinal
Gastrointestinal tract irritation,Irritação do trato gastrointestinal
Gastrointestinal ulcer,Úlcera gastrointestinal
Gastrointestinal ulcer haemorrhage,Hemorragia de úlcera gastrointestinal
Gastrointestinal ulcer perforation,Perfuração da úlcera gastrointestinal
Gastrooesophageal reflux disease,Doença do refluxo gastroosofágico
Gastrooesophageal sphincter insufficiency,Insuficiência de esfíncter gastroosofágica
Gastrooesophagitis,Gastroofagite
Gaze palsy,Paralisia do olhar
General discomfort,Desconforto geral
General disorders and administration site conditions,Distúrbios gerais e condições do local de administração
General physical health deterioration,Deterioração geral da saúde física
General symptom,Sintoma geral
Generalised anxiety disorder,Transtorno de ansiedade generalizada
Generalised erythema,Eritema generalizado
Generalised oedema,Edema generalizado
Generalised spasm,Espasmo generalizado
Generalized aching,Dores generalizados
Generalized flushing,Descarga generalizada
Generalized lymphadenopathy,Linfadenopatia generalizada
Generalized macular rash,Erupção macular generalizada
Generalized urticaria,Urticária generalizada
Genetic polymorphism,Polimorfismo genético
Genital burning sensation,Sensação de queima genital
Genital candidiasis,Candidíase genital
Genital discharge,Descarga genital
Genital discomfort,Desconforto genital
Genital disorder female,Transtorno genital feminino
Genital disorder male,Transtorno genital masculino
Genital haemorrhage,Hemorragia genital
Genital herpes,Herpes genital
Genital hypoaesthesia,Hipoaestesia genital
Genital infection,Infecção genital
Genital infection fungal,Infecção genital Fungal
Genital infection male,Infecção genital masculina
Genital injury,Lesão genital
Genital irritation,Irritação genital
Genital itching female,Mulher genital coceira
Genital itching male,Macho genital coceira
Genital lesion,Lesão genital
Genital pain,Dor genital
Genital pain male,Dor genital masculina
Genital rash,Erupção cutânea genital
Genital swelling,Inchaço genital
Genital ulceration,Ulceração genital
Genitourinary chlamydia infection,Infecção geniturinária de clamídia
Genitourinary tract infection,Infecção do trato geniturinário
Genitourinary tract neoplasm,Neoplasia do trato geniturinário
Genu valgum,Genu Valgum
Gestational diabetes,Diabetes gestacional
Gestational hypertension,Hipertensão gestacional
Gilbert's syndrome,Síndrome de Gilbert
Gingival abscess,Abscesso gengival
Gingival bleeding,Sangramento gengival
Gingival blister,Blister gengival
Gingival disorder,Transtorno gengival
Gingival erythema,Eritema gengival
Gingival hyperplasia,Hiperplasia gengival
Gingival hypertrophy,Hipertrofia gengival
Gingival infection,Infecção gengival
Gingival oedema,Edema gengival
Gingival pain,Dor gengival
Gingival recession,Recessão gengival
Gingival swelling,Inchaço gengival
Gingival ulceration,Ulceração gengival
Gingivitis,Gengivite
Gingivostomatitis,Gengivostomatite
Glabellar reflex abnormal,Reflexo glabelar anormal
Glaucoma,Glaucoma
Glaucoma both eyes,Glaucoma Ambos os olhos
Glioblastoma,Glioblastoma
Glioblastoma multiforme,Glioblastoma multiforme
Glioma,Glioma
Globulins decreased,Globulins diminuíram
Globus hystericus,Globus histerico
Glomerular filtration rate decreased,A taxa de filtração glomerular diminuiu
Glomerulitis,Glomerulite
Glomerulonephritis,Glomerulonefrite
Glomerulonephritis membranoproliferative,Glomerulonefrite Membranoproliferativo
Glomerulonephritis membranous,Glomerulonefrite membranosa
Glomerulonephritis minimal lesion,Glomerulonefrite Lesão mínima
Glomerulonephritis rapidly progressive,Glomerulonefrite rapidamente progressiva
Glomerulonephropathy,Glomerulonefropatia
Glossitis,Glossite
Glossodynia,Glossodynia
Glottic edema,Edema glótico
Glucocorticoids decreased,Os glicocorticóides diminuíram
Glucose decreased,A glicose diminuiu
Glucose increased,A glicose aumentou
Glucose low,Glicose baixa
Glucose tolerance abnormal,Tolerância à glicose anormal
Glucose tolerance decreased,A tolerância à glicose diminuiu
Glucose tolerance impaired,Tolerância à glicose prejudicada
Glucose urine increased,A urina de glicose aumentou
Glucose-6-phosphate dehydrogenase deficiency,Deficiência de glicose-6-fosfato desidrogenase
Glycosuria,Glicosúria
Glycosylated haemoglobin decreased,A hemoglobina glicosilada diminuiu
Glycosylated haemoglobin increased,A hemoglobina glicosilada aumentou
Goiter nodular,Bócio nodular
Goitre,Bócio
Gonadotropic luteinizing hormone increased,Hormônio luteinizante gonadotrópico aumentou
Gonadotropins NOS low,Gonadotrofinas nos baixas
Gonorrhoea,Gonorréia
Goodpasture's syndrome,Síndrome de Goodpasture
Gout,Gota
Gout acute,Gota aguda
Gout attack,Ataque de gota
Gout flare,Gout Flare
Gouty arthritis,Artrite gotosa
Gouty tophus,Gouty Tophus
Graft complication,Complicação do enxerto
Graft dysfunction,Disfunção do enxerto
Graft loss,Perda de enxerto
Graft thrombosis,Trombose do enxerto
Graft versus host disease,Enxerto versus doença hospedeira
Graft versus host reaction,Reação do enxerto versus host
Gram-negative bacterial infection NOS,Infecção bacteriana Gram-negativa nos
Grand mal convulsion,Grand Mal Convulsão
Granulocytosis,Granulocitose
Granuloma,Granuloma
Granuloma annulare,Granuloma Annulare
Granuloma skin,Pele do granuloma
Granulomatosis with polyangiitis,Granulomatose com poliangeíte
Granulomatous liver disease,Doença hepática granulomatosa
Gravitational oedema,Edema gravitacional
Grey syndrome neonatal,Síndrome de cinza neonatal
Grimacing,Carrancudto
Gritty feeling in eyes,Sentimento arenoso nos olhos
Groin pain,Dor na virilha
Ground glass appearance,Aparência de vidro moído
Growth accelerated,Crescimento acelerado
Growth hormone overproduction,Superprodução de hormônio do crescimento
Growth of eyelashes,Crescimento de cílios
Growth retardation,Retardo de crescimento
Guillain-Barre syndrome,Síndrome de Guillain-Barre
Gynaecomastia,Gynaecomastia
Gynecological-related pain,Dor ginecológica relacionada
Gynecomastia aggravated,Ginecomastia agravada
HCV coinfection,HCV Coinfection
HDL cholesterol increased,O colesterol HDL aumentou
HELLP syndrome,Síndrome Hellp
HIV associated nephropathy,Nefropatia associada ao HIV
Haemangioma,Haemangioma
Haemangioma congenital,Haemangioma congênito
Haemarthrosis,Hemartrose
Haematemesis,Hematemesis
Haematochezia,Hematochezia
Haematocrit decreased,O hematócrito diminuiu
Haematocrit increased,O hematócrito aumentou
Haematological malignancy,Malignidade hematológica
Haematology test abnormal,Teste de hematologia anormal
Haematoma,Hematoma
Haematospermia,Hematospermia
Haematotoxicity,Hematotoxicidade
Haematuria,Hematúria
Haemobilia,Hemobilia
Haemochromatosis,Hemocromatose
Haemodynamic instability,Instabilidade hemodinâmica
Haemoglobin,Hemoglobina
Haemoglobin abnormal,Hemoglobina anormal
Haemoglobin decreased,A hemoglobina diminuiu
Haemoglobin increased,A hemoglobina aumentou
Haemoglobin normal,Hemoglobina Normal
Haemoglobinaemia,Hemoglobinaemia
Haemoglobinuria,Hemoglobinúria
Haemolysis,Hemólise
Haemolytic anaemia,Anemia hemolítica
Haemolytic uraemic syndrome,Síndrome uramica hemolítica
Haemophilia,Hemofilia
Haemoptysis,Hemoptise
Haemorrhage,Hemorragia
Haemorrhage in pregnancy,Hemorragia na gravidez
Haemorrhage intracranial,Hemorragia intracraniana
Haemorrhage subcutaneous,Hemorragia subcutânea
Haemorrhage urinary tract,Trato urinário de hemorragia
Haemorrhagic anaemia,Anemia hemorrágica
Haemorrhagic disorder,Transtorno hemorrágico
Haemorrhagic erosive gastritis,Gastrite erosiva hemorrágica
Haemorrhagic ovarian cyst,Cisto ovariano hemorrágico
Haemorrhagic stroke,Derrame hemorrágico
Haemorrhagic urticaria,Urticária hemorrágica
Haemorrhoidal haemorrhage,Hemorragia hemorrhoidal
Haemorrhoids,Hemorróidas
Haemothorax,Hemotórax
Hair colour changes,Alterações da cor do cabelo
Hair discoloration,Descoloração do cabelo
Hair disorder,Transtorno capilar
Hair growth abnormal,Crescimento do cabelo anormal
Hair growth increased,O crescimento do cabelo aumentou
Hair texture abnormal,Textura do cabelo anormal
Hallucination,Alucinação
"Hallucination, auditory","Hallucinação, auditiva"
"Hallucination, tactile","Hallucination, tátil"
"Hallucination, visual","Hallucination, visual"
"Hallucinations, mixed","Alucinações, mixadas"
Halo vision,Visão Halo
Hamartoma,Hamartoma
Hamman-Rich syndrome,Síndrome rica em Hamman
Hand and foot syndrome secondary to sickle cell anaemia,Síndrome de mão e pé secundária à anemia das células falciformes
Hand dermatitis,Dermatite das mãos
Hand fracture,Fratura manual
Hand pain,Dor na mão
Hand rash,Erupção cutânea da mão
Hand swelling,Inchaço da mão
Hands weakness of,Mãos de fraqueza de
Hangover,Ressaca
Haptoglobin increased,A haptoglobina aumentou
Head discomfort,Desconforto da cabeça
Head injury,Lesão na cabeça
Head lag abnormal,Cabeça Lag anormal
Head pressure,Pressão da cabeça
Head titubation,Titubação da cabeça
Headache,Dor de cabeça
Headache aggravated,Dor de cabeça agravada
Headache dull,Dor de cabeça sem graça
Headache fullness,PORTURA DE CABEÇA
Headache occurring,Dor de cabeça ocorrendo
Hearing impaired,Deficientes auditivos
Heart alternation,Alternância do coração
Heart disease congenital,Doença cardíaca congênita
Heart failure signs and symptoms,Sinais e sintomas de insuficiência cardíaca
Heart malformation,Malformação cardíaca
Heart racing,Corrida de coração
Heart rate abnormal,Freqüência cardíaca anormal
Heart rate irregular,Freqüência cardíaca irregular
Heart sounds abnormal,Coração soa anormal
Heartburn,Azia
Heat exhaustion,Exaustão pelo calor
Heat intolerance,Intolerância ao calor
Heat stroke,Insolação
Heaviness in limbs,Peso nos membros
Heaviness of head,Peso da cabeça
Helicobacter gastritis,Gastrite de Helicobacter
Helicobacter infection,Infecção por Helicobacter
Hemangioma acquired,Hemangioma adquirido
Hematuria aggravated,Hematúria agravada
Hemianopia,Hemianopia
Hemimelia,Hemimelia
Hemiparesis,Hemiparesia
Hemiparesis (left),Hemiparesia (esquerda)
Hemiplegia,Hemiplegia
Hemiplegia transient,Hemiplegia transitória
Hemolytic reaction,Reação hemolítica
Hemophagocytic lymphohistiocytosis,Linfo -histiocitose hemofagocítica
Hemorrhage abnormal,Hemorragia anormal
Hemorrhage of colon,Hemorragia do cólon
Hemorrhage symptom,Sintoma de hemorragia
Hemorrhagic colitis,Colite hemorrágica
Hemorrhoids aggravated,Hemorróidas agravadas
Henoch-Schonlein purpura,Henoch-Schonlein Purpura
Heparin-induced thrombocytopenia,Trombocitopenia induzida por heparina
Hepatic adenoma,Adenoma hepático
Hepatic angiosarcoma,Angiossarcoma hepático
Hepatic artery thrombosis,Trombose da artéria hepática
Hepatic atrophy,Atrofia hepática
Hepatic cancer,Câncer hepático
Hepatic cancer metastatic,Câncer hepático metastático
Hepatic cirrhosis,Cirrose hepática
Hepatic congestion,Congestão hepática
Hepatic cyst,Cisto hepático
Hepatic encephalopathy,Encefalopatia hepática
Hepatic enzyme abnormal,Enzima hepática anormal
Hepatic enzyme decreased,A enzima hepática diminuiu
Hepatic enzyme increased,A enzima hepática aumentou
Hepatic failure,Falha hepática
Hepatic fibrosis,Fibrose hepática
Hepatic function abnormal,Função hepática anormal
Hepatic granuloma,Granuloma hepático
Hepatic haemorrhage,Hemorragia hepática
Hepatic impairment,Comprometimento hepático
Hepatic infiltration eosinophilic,Infiltração hepática eosinofílica
Hepatic insufficiency,Insuficiência hepática
Hepatic lymphoma,Linfoma hepático
Hepatic necrosis,Necrose hepática
Hepatic neoplasm,Neoplasia hepática
Hepatic pain,Dor hepática
Hepatic steatosis,Esteatose hepática
Hepatic vein occlusion,Oclusão da veia hepática
Hepatic vein thrombosis,Trombose da veia hepática
Hepatitis,Hepatite
Hepatitis A,Hepatite a
Hepatitis B,Hepatite B.
Hepatitis B e antigen positive,Antígeno de hepatite B e positivo
Hepatitis B reactivation,Reativação da hepatite B.
Hepatitis B surface antigen positive,Antígeno de superfície da hepatite B positivo
Hepatitis C,Hepatite c
Hepatitis C antibody positive,Anticorpo da hepatite C positivo
Hepatitis F,Hepatite F.
Hepatitis acute,Hepatite aguda
Hepatitis aggravated,Hepatite agravada
Hepatitis alcoholic,Alcoólica de hepatite
Hepatitis cholestatic,Hepatite colestática
Hepatitis chronic active,Hepatite crônica ativa
Hepatitis fulminant,Hepatite fulminante
Hepatitis granulomatous,Hepatite granulomatosa
Hepatitis symptom,Sintoma da hepatite
Hepatitis toxic,Hepatite tóxica
Hepatitis viral,Hepatite viral
Hepatobiliary disease,Doença hepatobiliar
Hepatoblastoma,Hepatoblastoma
Hepatocellular adenoma,Adenoma hepatocelular
Hepatocellular carcinoma,Carcinoma hepatocelular
Hepatocellular injury,Lesão hepatocelular
Hepatomegaly,Hepatomegalia
Hepatorenal syndrome,Síndrome do hepatorenal
Hepatosplenic T-cell lymphoma,Linfoma de células T hepatoesplênicas
Hepatosplenomegaly,Hepatosplenomegalia
Hepatotoxicity,Hepatotoxicidade
Hereditary angioedema,Angioedema hereditário
Hernia,Hérnia
Hernia congenital,Hernia congênita
Hernia pain,Hernia Dor
Herpangina,Herpangina
Herpes NOS,Herpes nos
Herpes dermatitis,Dermatite de herpes
Herpes labialis,Herpes labialis
Herpes simplex,Herpes simplex
Herpes simplex dermatitis,Dermatite por herpes simplex
Herpes simplex encephalitis,Encefalite por herpes simplex
Herpes simplex hepatitis,Herpes simplex hepatite
Herpes virus infection,Infecção pelo vírus do herpes
Herpes zoster,Herpes Zoster
Heterozygous familial hypercholesterolemia,Hipercolesterolemia familiar heterozigota
Hiatus hernia,Hérnia de hiato
Hiccups,Soluços
Hidradenitis,Hidradenite
High cholesterol,Colesterol alto
High density lipoprotein decreased,A lipoproteína de alta densidade diminuiu
High density lipoprotein increased,A lipoproteína de alta densidade aumentou
High frequency deafness,Surdez de alta frequência
High turnover osteopathy,Osteopatia de alta rotatividade
High-pitched crying,Choro agudo
Hip dislocation,Localização do quadril
Hip dysplasia,Displasia do quadril
Hip fracture,Fratura do quadril
Hirsutism,Hirsutismo
Histiocytosis,Histiocitose
Histiocytosis X of lung,Histiocitose x de pulmão
Histiocytosis haematophagic,Histiocitose hematofágica
Histoplasmosis,Histoplasmose
Hoarseness,Rouquidão
Hodgkin's disease,Doença de Hodgkin
Hodgkin's disease lymphocyte depletion type stage unspecified,Doença de Hodgkin de Hodgkin está especificado
Hodgkin's disease lymphocyte predominance type stage unspecified,Doença de Hodgkin de Hodgkin Stage do tipo de predominância de linfócitos não especificado
Hoigne's syndrome,Síndrome de Hoigne
Homicidal ideation,Ideação homicida
Homocystinuria,Homocistinúria
Homozygous familial hypercholesterolaemia,Hipercolesterolemia familiar homozigota
Hordeolum,Hordeolum
Hormone level abnormal,Nível hormonal anormal
Hormone-dependent prostate cancer,Câncer de próstata dependente de hormônio
Horner's syndrome,Síndrome de Horner
Hostility,Hostilidade
Hot dry skin,Pele quente seca
Hot flush,Flutuador de calor
House dust allergy,Alergia à poeira da casa
Human herpesvirus 6 infection,Infecção pelo herpesvírus 6 humano
Humerus fracture,Fratura do úmero
Hunger,Fome
Hunger abnormal,Fome anormal
Hydatidiform mole,Toupeira hidatiforme
Hydrocele,Hidrocele
Hydrocephalus,Hidrocefalia
Hydrocephalus acquired,Hidrocefalia adquirida
Hydrocortisone decreased,A hidrocortisona diminuiu
Hydrometra,Hidrometra
Hydronephrosis,Hidronefrose
Hydrops foetalis,Hidropisia foetalis
Hydrothorax,Hydrothorax
Hydroureter,Hidréter
Hyperacusis,Hiperacusia
Hyperadrenocorticism,Hiperadrenocorticismo
Hyperaemia,Hiperemia
Hyperaesthesia,Hiperaestesia
Hyperalbuminaemia,Hiperalbuminaemia
Hyperammonaemia,Hiperammonaemia
Hyperamylasaemia,Hiperamilasemia
Hyperbilirubinaemia,Hiperbilirrubinaemia
Hyperbilirubinemia aggravated,Hiperbilirrubinemia agravada
Hypercalcaemia,Hipercalcemia
Hypercalcaemia of malignancy,Hipercalcemia de malignidade
Hypercalciuria,Hipercalciuria
Hypercapnia,Hipercapnia
Hyperchloraemia,Hipercloremia
Hyperchlorhydria,Hipercloridria
Hypercholesterolaemia,Hipercolesterolemia
Hypercholesterolemia aggravated,Hipercolesterolemia agravada
Hypercoagulation,Hipercoagulação
Hyperemesis,Hiperemese
Hyperemesis gravidarum,Hiperemese gravidarum
Hypereosinophilia,Hipereosinofilia
Hyperexcitation,Hiperexcitação
Hyperfibrinogenaemia,Hiperfibrinogenemia
Hypergammaglobulinaemia,Hipergamglobulinaemia
Hyperglycaemia,Hiperglicemia
Hyperhemoglobinemia,Hiperhemoglobinemia
Hyperhidrosis,Hiperidrose
Hyperinsulinism,Hiperinsulinismo
Hyperkalaemia,Hipercalemia
Hyperkeratosis,Hiperteratose
Hyperkinesia,Hipercinesia
Hyperlactacidaemia,Hiperlactacidemia
Hyperlipidaemia,Hiperlipidemia
Hypermagnesaemia,Hipermagnesemia
Hypermethioninaemia,Hipermethioninaemia
Hypernatraemia,Hipernatamia
Hyperostosis,Hiperostose
Hyperparathyroidism,Hiperparatireoidismo
Hyperparathyroidism primary,Hiperparatireoidismo primário
Hyperparathyroidism secondary,Hiperparatireoidismo secundário
Hyperpathia,Hiperpathia
Hyperphagia,Hiperfagia
Hyperphosphataemia,Hiperfosfatemia
Hyperplasia,Hiperplasia
Hyperplasia erythroid,Hiperplasia eritroid
Hyperpnea,Hiperpnea
Hyperprolactinaemia,Hiperprolactineemia
Hyperproteinaemia,Hiperproteinemia
Hyperpyrexia,Hiperpiexia
Hyperreflexia,Hiperreflexia
Hypersensation skin,Pele de hipersensação
Hypersensitive syndrome,Síndrome hipersensível
Hypersensitivity,Hipersensibilidade
Hypersexuality,Hipersexualidade
Hypersomnia,Hipersomnia
Hypersplenism,Hiperesplenismo
Hypertension,Hipertensão
Hypertension paroxysmal,Hipertensão paroxística
Hypertension worsened,A hipertensão piorou
Hypertensive,Hipertensivo
Hypertensive crisis,Crise hipertensiva
Hypertensive encephalopathy,Encefalopatia hipertensiva
Hypertensive episode,Episódio hipertensivo
Hypertensive nephropathy,Nefropatia hipertensiva
Hyperthyroidism,Hipertireoidismo
Hypertonia,Hypertonia
Hypertonic bladder,Bexiga hipertônica
Hypertonicity,Hipertonicidade
Hypertransaminasaemia,Hipertransaminasemia
Hypertrichosis,Hipertricose
Hypertriglyceridaemia,Hipertrigliceridemia
Hypertrophic cardiomyopathy,Cardiomiopatia hipertrófica
Hypertrophic osteoarthropathy,Osteoartropatia hipertrófica
Hypertrophic scar,Cicatriz hipertrófica
Hypertrophy,Hipertrofia
Hypertrophy of breast,Hipertrofia da mama
Hyperuricaemia,Hiperuricaemia
Hyperuricosuria,Hiperuricosuria
Hyperventilation,Hiperventilação
Hypervigilance,Hipervigilância
Hyperviscosity syndrome,Síndrome da hiperviscosidade
Hypervitaminosis A,Hipervitaminose a
Hypervitaminosis D,Hipervitaminose d
Hyphaema,Hyphaema
Hypnagogic hallucination,HIPNAGOGIC HALLUCINAÇÃO
Hypnopompic hallucination,Hipnopompic Hallucination
Hypoaesthesia,Hipoaestesia
Hypoaesthesia eye,Olho hipoaestesia
Hypoaesthesia facial,Hipoaestesia facial
Hypoaesthesia oral,Hipoaestesia oral
Hypoalbuminaemia,Hipoalbumineemia
Hypoaldosteronism,Hipoaldosteronismo
Hypoalgesia,Hipoalgesia
Hypocalcaemia,Hipocalcemia
Hypocalcemic tetany,Tetania hipocalcemica
Hypocalciuria,Hipocalciuria
Hypocapnia,Hipocapnia
Hypochloraemia,Hipocloremia
Hypocholesterolaemia,Hipocolesterolemia
Hypochondriasis,Hipocondria
Hypochromasia,Hipocromasia
Hypochromic anaemia,Anemia hipocrômica
Hypochromic microcytic anemia,Anemia microcítica hipocrômica
Hypoesthesia tongue,Língua de Hipoestesia
Hypofibrinogenaemia,Hipofibrinogenemia
Hypogammaglobulinaemia,Hipogammaglobulineemia
Hypogeusia,Hipogeusia
Hypoglycaemia,Hipoglicemia
Hypoglycaemia neonatal,Hipoglicemia neonatal
Hypoglycaemic coma,Coma hipoglicêmico
Hypoglycaemic episode,Episódio hipoglicêmico
Hypoglycaemic seizure,Convulsão hipoglicêmica
Hypoglycaemic unconsciousness,Inconsciência hipoglicêmica
Hypoglycemic reaction,Reação hipoglicêmica
Hypogonadism,Hipogonadismo
Hypogonadism male,Hipogonadismo masculino
Hypohidrosis,Hipohidrose
Hypokalaemia,Hipokalemia
Hypokinesia,Hipocinesia
Hypolipidaemia,Hipolipidemia
Hypomagnesaemia,Hipomagnesemia
Hypomania,Hipomania
Hypomenorrhoea,Hipomenorreia
Hyponatraemia,Hiponatremia
Hyponatraemic,Hiponatraiam
Hypoparathyroidism,Hipoparatireoidismo
Hypoperfusion,Hipoperfusão
Hypophagia,Hipofagia
Hypophosphataemia,Hipofosfatemia
Hypophosphataemic rickets,Raquitismo hipofosfatêmico
Hypopituitarism,Hipopituitarismo
Hypoplasia enamel,Esmalte hipoplasia
Hypoplasia erythroid,Hipoplasia eritroid
Hypoplastic anaemia,Anemia hipoplásica
Hypopnoea,Hipopneia
Hypoproteinaemia,Hipoproteinemia
Hypoprothrombinaemia,Hipoprotrombinaemia
Hypopyon,Hymopyon
Hyporeflexia,Hiporeflexia
Hyposmia,Hiposmia
Hyposthenuria,Hipostenúria
Hypotension,Hipotensão
Hypotension asymptomatic,Hipotensão assintomática
Hypotension orthostatic symptomatic,Hipotensão ortostática sintomática
Hypotension symptomatic,Hipotensão sintomática
Hypotensive,Hipotensivo
Hypothermia,Hipotermia
Hypothrombinaemia,Hipotrombinaemia
Hypothyroidism,Hipotireoidismo
Hypotonia,Hipotonia
Hypotonia neonatal,Hipotonia neonatal
Hypotonic-hyporesponsive episode,Episódio Hipotônico-HyPoSive
Hypotony of eye,Hipotonia do olho
Hypotrichosis,Hipotricose
Hypouricaemia,Hipipuricoemia
Hypoventilation,Hipoventilação
Hypovitaminosis,Hipovitaminose
Hypovolaemia,Hipovolemia
Hypovolaemic shock,Choque hipovolêmico
Hypoxemia,Hipoxemia
Hypoxia,Hipóxia
Hypoxic-ischaemic encephalopathy,Encefalopatia hipóxica-iscêmica
Hysteria,Histeria
IIIrd nerve paralysis,Paralisia do nervo iiird
IUD complication,Complicação do DIU
IUD expelled,DIU expulso
Ichthyosis,Ictiose
Ichthyosis acquired,Ictiose adquirida
Idiopathic hypertrophic subaortic stenosis,Estenose subaórtica hipertrófica idiopática
Idiopathic pneumonia syndrome,Síndrome da pneumonia idiopática
Idiopathic pulmonary fibrosis,Fibrose pulmonar idiopática
Idiopathic thrombocytopenia,Trombocitopenia idiopática
Idiopathic thrombocytopenic purpura,Purpura trombocitopênica idiopática
Idiopathic torsion dystonia,Distonia de torção idiopática
Idiosyncratic drug reaction,Reação idiossincrática do medicamento
Ileal perforation,Perfuração ileal
Ileal ulcer,Úlcera ileal
Ileitis,Ileite
Ileitis regional,Ileitis Regional
Ileus,Ileus
Ileus paralytic,Ileus paralítico
Ill-defined disorder,Transtorno mal definido
Illusion,Ilusão
Immediate post-injection reaction,Reação pós-injeção imediata
Immobile,Imóvel
Immune complex reaction,Reação complexa imune
Immune status,Status imunológico
Immune system disorder,Transtorno do sistema imunológico
Immune-mediated necrotising myopathy,Miopatia necrosante imunomediada
Immunocompromised,Imunocomprometido
Immunodeficiency,Imunodeficiência
Immunoglobulin G low,Imunoglobulina G baixa
Immunoglobulins decreased,As imunoglobulinas diminuíram
Immunoglobulins increased,As imunoglobulinas aumentaram
Immunology test,Teste de imunologia
Immunosuppressant drug level increased,O nível de drogas imunossupressor aumentou
Immunosuppression,Imunossupressão
Impaired fasting glucose,Glicose em jejum prejudicada
Impaired gastric emptying,Esvaziamento gástrico prejudicado
Impaired healing,Cura prejudicada
Impairment of attention,Prejuízo da atenção
Impatience,Impaciência
Imperforate hymen,Hímen imperforado
Impetigo,Impetigo
Implant breakage,Quebra de implante
Implant expulsion,Expulsão do implante
Implant infection,Infecção por implante
Implant site pain,Dor no local do implante
Implant site reaction,Reação do local do implante
Implantation complication,Complicação de implantação
Impulse-control disorder,Transtorno de controle de impulso
Inappropriate affect,Afeto inadequado
Inappropriate antidiuretic hormone secretion,Secreção inadequada de hormônio antidiurético
Incessant ventricular tachycardia,Taquicardia ventricular incessante
Incision site complication,Complicação do site de incisão
Incision site haematoma,Hematoma do local de incisão
Incision site haemorrhage,Hemorragia no local da incisão
Incision site oedema,Edema do site de incisão
Incision site pain,Dor no local da incisão
Incisional hernia,Hérnia incisional
Incoherent,Incoerente
Incomplete bladder emptying,Esvaziamento incompleto da bexiga
Incomplete precocious puberty,Puberdade precoce incompleta
Incontinence,Incontinência
Increased activity,Aumento da atividade
Increased agitation,Aumento da agitação
Increased appetite,Aumento do apetite
Increased bronchial secretion,Aumento da secreção brônquica
Increased effect,Efeito aumentado
Increased insulin requirement,Aumento da exigência de insulina
Increased prolactin level,Aumento do nível de prolactina
Increased skin sensitivity,Aumento da sensibilidade da pele
Increased tendency to bruise,Tendência aumentada de machucar
Increased thirst,Aumento da sede
Increased upper airway secretion,Aumento da secreção das vias aéreas superiores
Increased viscosity of bronchial secretion,Aumento da viscosidade da secreção brônquica
Induration,Endurecimento
Infarction,Infarto
Infarction mesenteric,Infarto mesentérico
Infected bites,Picadas infectadas
Infected cyst,Cisto infectado
Infection,Infecção
Infection mixed,Infecção mista
Infection parasitic,Infecção parasitária
Infection pseudomonas aeruginosa,Infecção Pseudomonas aeruginosa
Infection reactivation,Reativação da infecção
Infection susceptibility increased,A suscetibilidade à infecção aumentou
Infectious meningitis,Meningite infecciosa
Infectious mononucleosis,Mononucleose infecciosa
Infectious peritonitis,Peritonite infecciosa
Infectious pneumonitis,Pneumonite infecciosa
Infective myositis,Miosite infecciosa
Infective tenosynovitis,Tenossinovite infecciosa
Inferior myocardial infarction,Infarto do miocárdio inferior
Inferior vena cava syndrome,Síndrome da veia cava inferior
Infertility,Infertilidade
Infertility female,Infertilidade feminina
Infertility male,Infertilidade masculina
Infestation,Infestação
Infestation NOS,Infestação nos
Inflammation,Inflamação
Inflammation localised,Inflamação localizada
Inflammatory bowel disease,Doença inflamatória intestinal
Inflammatory swelling,Inchaço inflamatório
Inflicted injury,Lesão infligida
Influenza,Gripe
Influenza like illness,Influenza como doença
Influenza viral infections,Infecções virais da influenza
Influenza-like symptoms,Sintomas do tipo influenza
Infrequent bowel movements,Movimentos intestinais pouco frequentes
Infusion related pain,Dor relacionada à infusão
Infusion related reaction,Reação relacionada à infusão
Infusion site burning,Queima do local de infusão
Infusion site erythema,Site de infusão eritema
Infusion site extravasation,Extravasamento do local de infusão
Infusion site hypersensitivity,Hipersensibilidade ao local de infusão
Infusion site induration,Induração do local de infusão
Infusion site infection,Infecção no local da infusão
Infusion site inflammation,Infusão no local da infusão
Infusion site irritation,Irritação no local da infusão
Infusion site oedema,Edema do site de infusão
Infusion site pain,Dor no local da infusão
Infusion site paraesthesia,Paraestesia do local de infusão
Infusion site phlebitis,Phlebitis do local de infusão
Infusion site pruritus,Prurido do site de infusão
Infusion site rash,Site de infusão Erupção cutânea
Infusion site reaction,Reação do local da infusão
Infusion site reactions,Reações do local da infusão
Infusion site swelling,Inchaço do site de infusão
Infusion site thrombophlebitis,Local de infusão Throbophlebitis
Infusion site thrombosis,Trombose do local da infusão
Infusion site urticaria,Site de infusão urticária
Infusion site warmth,Calor de infusão
Ingrowing nail,Prego encrador
Ingrown hair,Pelo encravado
Inguinal hernia,Hérnia inguinal
Initial insomnia,Insônia inicial
Injection site abscess,Abscesso do local de injeção
Injection site abscess sterile,Local de injeção abscesso estéril
Injection site atrophy,Atrofia do local da injeção
Injection site bruising,Hematomas no local de injeção
Injection site burning,Queima do local da injeção
Injection site cellulitis,Celulite do local da injeção
Injection site coldness,Frieza no local da injeção
Injection site cyst,Cisto do local da injeção
Injection site dermatitis,Dermatite no local da injeção
Injection site discolouration,Descoloração do local da injeção
Injection site discomfort,Desconforto no local da injeção
Injection site dryness,Secura no local da injeção
Injection site erythema,Local de injeção eritema
Injection site exfoliation,Esfoliação do local da injeção
Injection site extravasation,Extravasamento do local de injeção
Injection site fibrosis,Fibrose do local da injeção
Injection site granuloma,Local de injeção granuloma
Injection site haematoma,Hematoma do local de injeção
Injection site haemorrhage,Hemorragia no local da injeção
Injection site hypersensitivity,Hipersensibilidade ao local da injeção
Injection site hypertrophy,Hipertrofia no local da injeção
Injection site induration,Induração do local de injeção
Injection site infection,Infecção no local da injeção
Injection site inflammation,Inflamação no local da injeção
Injection site injury,Lesão no local da injeção
Injection site irritation,Irritação no local da injeção
Injection site joint pain,Dor no local da injeção dor na articulação
Injection site mass,Massa do local de injeção
Injection site necrosis,Necrose do local da injeção
Injection site nodule,Nódulo do local da injeção
Injection site pain,Dor no local da injeção
Injection site pallor,Palidez do local da injeção
Injection site paraesthesia,Paraestesia do local da injeção
Injection site phlebitis,Phlebitis do local de injeção
Injection site pigmentation changes,Alterações de pigmentação no local da injeção
Injection site pruritus,Prurido do local de injeção
Injection site reaction,Reação do local da injeção
Injection site stinging,Picada do local de injeção
Injection site swelling,Inchaço no local da injeção
Injection site tenderness,Sensibilidade ao local da injeção
Injection site thrombosis,Trombose do local da injeção
Injection site ulcer,Úlcera do local de injeção
Injection site urticaria,Local de injeção urticária
Injection site vesicles,Vesículas do local de injeção
Injection site warmth,Calor de injeção
Injury,Ferida
Injury asphyxiation,Asfixia de lesão
Injury associated with device,Lesão associada ao dispositivo
Inner ear disorder,Transtorno do ouvido interno
Inner ear infection,Infecção no ouvido interno
Insect bite NOS,Picada de insetos nos
Insomnia,Insônia
Insomnia NEC,Insônia nec
Insomnia exacerbated,Insônia exacerbada
Instability vasomotor,Instabilidade vasomotor
Instillation site irritation,Irtillation Site de irritação
Instillation site pain,Dor no local da instilação
Insulin C-peptide decreased,A insulina C-peptídeo diminuiu
Insulin C-peptide increased,O peptídeo C de insulina aumentou
Insulin autoimmune syndrome,Síndrome auto -imune de insulina
Insulin resistance,Resistência à insulina
Insulinoma,Insulinoma
Intentional drug misuse,Uso indevido de drogas intencionais
Intentional injury,Lesão intencional
Intentional misuse,Uso indevido intencional
Intentional self-injury,Auto-lesão intencional
Intermittent claudication,Claudicação intermitente
Intermittent explosive disorder,Transtorno explosivo intermitente
Intermittent fever,Febre intermitente
Intermittent headache,Dor de cabeça intermitente
International normalised ratio abnormal,Proporção normalizada internacional anormal
International normalised ratio decreased,A relação normalizada internacional diminuiu
International normalised ratio increased,A relação normalizada internacional aumentou
Interstitial lung disease,Doença pulmonar intersticial
Interstitial pneumonia,Pneumonia intersticial
Intertrigo,Intertrigo
Intertrigo candida,Intertrigo Candida
Intervertebral disc degeneration,Degeneração do disco intervertebral
Intervertebral disc disorder,Transtorno do disco intervertebral
Intervertebral disc protrusion,Protrusão intervertebral do disco
Intervertebral discitis,Discite intervertebral
Intestinal cramps,Cólicas intestinais
Intestinal diaphragm disease,Doença do diafragma intestinal
Intestinal functional disorder,Transtorno funcional intestinal
Intestinal haemorrhage,Hemorragia intestinal
Intestinal hypomotility,Hipomotilidade intestinal
Intestinal infarction,Infarto intestinal
Intestinal infections,Infecções intestinais
Intestinal ischaemia,Isquemia intestinal
Intestinal mass,Massa intestinal
Intestinal necrosis,Necrose intestinal
Intestinal obstruction,Obstrução intestinal
Intestinal perforation,Perfuração intestinal
Intestinal pseudo-obstruction,Pseudo-obstrução intestinal
Intestinal stenosis,Estenose intestinal
Intestinal stoma complication,Complicação do estoma intestinal
Intestinal ulcer,Úlcera intestinal
Intoxication,Intoxicação
Intra-abdominal haematoma,Hematoma intra-abdominal
Intra-abdominal haemorrhage,Hemorragia intra-abdominal
Intracardiac thrombus,Trombus intracardíaco
Intracranial aneurysm,Aneurisma intracraniano
Intracranial pressure increased,A pressão intracraniana aumentou
Intracranial venous sinus thrombosis,Trombose do seio venoso intracraniano
Intractable pain,Dor intratável
Intranasal hypoaesthesia,Hipoaestesia intranasal
Intraocular pressure increased,A pressão intra -ocular aumentou
Intraoperative floppy iris syndrome,Síndrome de íris de disquete intraoperatória
Intraoperative hemorrhage,Hemorragia intraoperatória
Intraspinal bleeding,Sangramento intraespinal
Intravascular large B-cell lymphoma,Linfoma intravascular de células B grandes
Intraventricular haemorrhage,Hemorragia intraventricular
Intussusception,Intussuscepção
Iodism,Iodismo
Iridocyclitis,Iridociclite
Iris adhesions,Adesões de íris
Iris disorder,Transtorno da íris
Iris hyperpigmentation,Iris Hiperpigmentation
Iritis,Irite
Iron binding capacity total,Capacidade de ligação de ferro total
Iron deficiency,Deficiência de ferro
Iron deficiency anaemia,Anemia de deficiência de ferro
Iron overload,Sobrecarga de ferro
Irreversible renal failure,Insuficiência renal irreversível
Irritability,Irritabilidade
Irritable bowel syndrome,Síndrome do intestino irritável
Irritation gum,Chiclete de irritação
Ischaemia,Isquemia
Ischaemic cardiomyopathy,Cardiomiopatia isquêmica
Ischaemic cerebral infarction,Infarto cerebral isquêmico
Ischaemic coronary artery disorders,Distúrbios da artéria coronária isquêmica
Ischaemic hepatitis,Hepatite isquêmica
Ischaemic neuropathy,Neuropatia isquêmica
Ischaemic stroke,Derrame isquêmico
Ischial neuralgia,Neuralgia isquial
Itch burning,Coceira ardente
Itchy scalp,Coceira no couro cabeludo
Jarisch-Herxheimer reaction,Reação de Jarisch-Herxheimer
Jaundice,Icterícia
Jaundice cholestatic,Icterícia colestática
Jaundice hepatocellular,Icterícia hepatocelular
Jaundice neonatal,Icterícia neonatal
Jaw disorder,Transtorno da mandíbula
Jaw stiffness,Rigidez da mandíbula
Jerky movement NOS,Movimento Jerky nos
Jessner's lymphocytic infiltration,Infiltração linfocítica de Jessner
Joint contracture,Contratura conjunta
Joint crepitation,Crepitação conjunta
Joint dislocation,Localização conjunta
Joint effusion,Efusão articular
Joint hyperextension,Hiperextensão conjunta
Joint injury,Lesão conjunta
Joint instability,Instabilidade conjunta
Joint lock,Trava da junta
Joint range of motion decreased,A amplitude de movimento conjunta diminuiu
Joint related signs and symptoms,Sinais e sintomas relacionados
Joint sprain,Entorse articular
Joint stiffness,Rigidez da articulação
Joint swelling,Inchaço conjunto
Judgement impaired,Julgamento prejudicado
Junctional bradycardia,Bradicardia juncional
Junctional tachycardia,Taquicardia juncional
Juvenile idiopathic arthritis,Artrite idiopática juvenil
Kaposi's sarcoma,Sarcoma de Kaposi
Kaposi's varicelliform eruption,Erupção variceliforme de Kaposi
Kearns-Sayre syndrome,Síndrome de Kearns-Sayre
Keloid scar,Cicatriz quelóide
Keratic precipitates,Precipitados queráticos
Keratitis,Ceratite
Keratitis sicca,Ceratite sicca
Keratoacanthoma,Keratoacanthoma
Keratoconjunctivitis,Queratoconjuntivite
Keratoconjunctivitis sicca,Keratoconjuntivitis sicca
Keratoconus,Ceratoconus
Keratopathy,Ceratopatia
Keratosis,Queratose
Keratosis pilaris,Ceratose pilar
Ketoacidosis,Cetoacidose
Ketogenic diet,Dieta cetogênica
Ketonemia,Cetonemia
Ketonuria,Cetonúria
Ketosis,Cetose
Kidney fibrosis,Fibrose renal
Kidney function abnormal,Função renal anormal
Kidney infection,Infecção renal
Klebsiella sepsis,Sepse de Klebsiella
Klinefelter's syndrome,Síndrome de Klinefelter
Knee deformity,Deformidade do joelho
Knee pain,Dor no joelho
Knee sprain,Entorse do joelho
Koebner phenomenon,Fenômeno de Kebner
Korsakoff's psychosis (non-alcoholic),Psicose de Korsakoff (não alcoólica)
Kounis syndrome,Síndrome de Kounis
Kyphosis,Cifose
Labile blood pressure,Pressão arterial lábil
Labile hypertension,Hipertensão lábil
Laboratory test abnormal,Teste de laboratório anormal
Labored breathing,Respiração trabalhada
Labyrinthine disorder,Transtorno labirinto
Labyrinthitis,Labiríntite
Laceration,Laceração
Lack of drug effect,Falta de efeito de drogas
Lack of spontaneous speech,Falta de discurso espontâneo
Lacrimal disorder,Transtorno lacrimal
Lacrimal duct obstruction,Obstrução do duto lacrimal
Lacrimal gland disorder,Transtorno da glândula lacrimal
Lacrimal structural disorder,Transtorno estrutural lacrimal
Lacrimation,Lacrimação
Lacrimation abnormal NOS,Lacrimação nº anormal nos
Lacrimation decreased,A lacrimação diminuiu
Lacrimation increased,A lacrimação aumentou
Lactase deficiency,Deficiência de lactase
Lactate increased,O lactato aumentou
Lactation female,Fêmea de lactação
Lactic acidosis,Acidose lática
Lactic acidosis syndrome,Síndrome da acidose lática
Lactic dehydrogenase activity increased,A atividade da desidrogenase lática aumentou
Lactose intolerance,Intolerância à lactose
Lacunar infarction,Infarto do lacunar
Langerhans' cell histiocytosis,Histiocitose de células de Langerhans
Large intestinal haemorrhage,Grande hemorragia intestinal
Large intestinal obstruction,Obstrução intestinal grande
Large intestinal ulcer,Ulcer intestinal grande
Large intestine perforation,PERFORAÇÃO INTESTO GRANDE
Large intestine polyp,Pólipo do intestino grosso
Laryngeal cancer,Câncer de laringe
Laryngeal disorder,Transtorno da laringe
Laryngeal dystonia,Distonia laríngea
Laryngeal haemorrhage,Hemorragia laríngea
Laryngeal neoplasm,Neoplasia laríngea
Laryngeal oedema,Edema laríngeo
Laryngeal pain,Dor laringe
Laryngitis,Laringite
Laryngopharyngeal dysesthesia,Disestesia laringofaríngea
Laryngopharyngitis,Laringofaringite
Laryngospasm,Laringospasmo
Laryngotracheal oedema,Edema laringraqueal
Lassitude,Lassitude
Latent tetany,Tetania latente
Latent tuberculosis,Tuberculose latente
Latex allergy,Alergia ao látex
Learning disability,Dificuldade de aprendizagem
Learning disorder,Transtorno da aprendizagem
Left ventricular dysfunction,Disfunção ventricular esquerda
Left ventricular ejection fraction decreased,A fração de ejeção do ventrículo esquerdo diminuiu
Left ventricular failure,Falha do ventrículo esquerdo
Left ventricular hypertrophy,Hipertrofia do ventrículo esquerdo
Leg edema,Edema da perna
Leg pain,Dor na perna
Leg ulcer,Úlcera da perna
Leiomyoma,Leiomioma
Lenticular opacities,Opacidades lenticulares
Lenticular pigmentation,Pigmentação lenticular
Lentigo,Lentigo
Leriche syndrome,Síndrome de Leriche
Lethargy,Letargia
Leukaemia,Leucemia
Leukaemia cutis,Leucemia Cutis
Leukaemoid reaction,Reação leukaemóide
Leukemia secondary,Leucemia secundária
Leukocytoclastic vasculitis,Vasculite leucocitoclástica
Leukocytosis,Leucocitose
Leukoderma,Leucoderma
Leukoencephalopathy,Leucoencefalopatia
Leukonychia,Leuconychia
Leukopenia,Leucopenia
Leukoplakia,Leukoplakia
Leukoplakia oral,Leucoplasia oral
Leukorrhea,Leucorréia
Leukostasis,Leucostase
Lhermitte's sign,O sinal de Lhermitte
Libido decreased,A libido diminuiu
Libido disorder,Transtorno da libido
Libido increased,A libido aumentou
Lichen planus,Lichen Planus
Lichenification,Liquenificação
Lichenoid keratosis,A queratose liquenóide
Lid sulcus deepened,Sulcus da tampa se aprofundou
Ligament injury,Lesão do ligamento
Ligament sprain,Entorse do ligamento
Light anaesthesia,Anestesia leve
Lightheadedness,Tardete
Limb deformity,Deformidade do membro
Limb discomfort,Desconforto do membro
Limb injury,Lesão por membro
Limb malformation,Malformação do membro
Limb paresis,Paresis de membro
Limb reduction defect,Defeito de redução de membros
Linear IgA disease,Doença Linear IgA
Lip blister,Blister lábio
Lip burning sensation of,Sensação de queima labial de
Lip dry,Seco do lábio
Lip haemorrhage,Hemorragia labial
Lip oedema,Edema labial
Lip pain,Dor labial
Lip swelling,Inchaço labial
Lip ulceration,Ulceração labial
Lipase abnormal,Lipase anormal
Lipase increased,Lipase aumentou
Lipid metabolism disorder,Transtorno do metabolismo lipídico
Lipidosis,Lipidose
Lipids abnormal,Lipídios anormais
Lipids increased,Lipídios aumentaram
Lipoatrophy,Lipoatrofia
Lipodystrophy,Lipodistrofia
Lipodystrophy acquired,Lipodistrofia adquirida
Lipoedema,Lipoedema
Lipohypertrophy,Lipo -hipertrofia
Lipoid nephrosis,Nefrose lipóide
Lipoma,Lipoma
Lipomatosis,Lipomatose
Listeriosis,Listeriose
Lithium poisoning,Envenenamento por lítio
Lithium toxicity,Toxicidade de lítio
Livedo reticularis,LiveDo reticularis
Liver abscess,Abscesso de fígado
Liver disorder,Transtorno do fígado
Liver fatty,Fígado gordo
Liver fatty deposition,Deposição gordurosa do fígado
Liver function test abnormal,Teste de função fígado anormal
Liver function test normal,Teste de função fígado Normal
Liver injury,Lesão hepática
Liver nodule,Nódulo de fígado
Liver tenderness,Ternura do fígado
Lividity,Lividity
Lobar pneumonia,Pneumonia de lobar
Local reaction,Reação local
Local swelling,Inchaço local
Local throat irritation,Irritação local na garganta
Localised infection,Infecção localizada
Localised intraabdominal fluid collection,Coleção de líquidos intraabdominais localizados
Localised numbness,Dormência localizada
Localised oedema,Edema localizado
Localised skin reaction,Reação da pele localizada
Localized erythema,Eritema localizado
Localized exfoliation,Esfoliação localizada
Localized osteoarthritis,Osteoartrite localizada
Localized rash,Erupção cutânea localizada
Lockjaw,Lockjaw
Loeffler's syndrome,Síndrome de Loeffler
Logorrhoea,Logorrhoea
Loin pain,Dor de lombo
Long QT syndrome,Síndrome do QT longo
Long QT syndrome congenital,Síndrome do QT longo congênito
Long-term memory loss,Perda de memória de longo prazo
Loose stools,Bancos soltos
Lordosis,Lordose
Loss of confidence,Perda de confiança
Loss of consciousness,Perda de consciência
Loss of control of legs,Perda de controle das pernas
Loss of libido,Perda de libido
Loss of proprioception,Perda de propriocepção
Loss of skin markings,Perda de marcações de pele
Low back pain,Dor lombar
Low birth weight baby,Bebê de baixo peso ao nascer
Low density lipoprotein increased,A lipoproteína de baixa densidade aumentou
Low pH,PH baixo
Low set ears,Orelhas baixas
Lower gastrointestinal haemorrhage,Hemorragia gastrointestinal inferior
Lower limb fracture,Fratura do membro inferior
Lower respiratory tract infection,Infecção do trato respiratório inferior
Lower urinary tract symptoms,Sintomas do trato urinário inferior
Lumbar disc lesion,Lesão do disco lombar
Lumbar puncture headache,Dor de cabeça de punção lombar
Lumbar radiculopathy,Radiculopatia lombar
Lung abscess,Abscesso pulmonar
Lung adenocarcinoma stage I,Adenocarcinoma de pulmão estágio I
Lung cancer metastatic,Câncer de pulmão metastático
Lung disorder,Transtorno pulmonar
Lung fibrosis interstitial,Fibrose pulmonar intersticial
Lung infection,Infecção pulmonar
Lung infiltration,Infiltração pulmonar
Lung neoplasm,Neoplasia pulmonar
Lung neoplasm malignant,Neoplasia pulmonar maligna
Lung nodule,Nódulo pulmonar
Lupus erythematosus,Lúpus eritematoso
Lupus-like syndrome,Síndrome do tipo lúpus
Lyme disease,Doença de Lyme
Lymph node abscess,Abscesso de linfonodo
Lymph node pain,Dor linfonodal
Lymph node tenderness,Sensibilidade de linfonodo
Lymphadenitis,Linfadenite
Lymphadenopathy,Linfadenopatia
Lymphadenopathy axillary,Linfadenopatia axilar
Lymphadenopathy cervical,Linfadenopatia cervical
Lymphadenopathy inguinal,Linfadenopatia inguinal
Lymphangioleiomyomatosis,Linfangioleiomomatose
Lymphangitis,Linfangite
Lymphatic disorder,Transtorno linfático
Lymphocele,Linfocele
Lymphocyte abnormal,Linfócitos anormais
Lymphocyte count abnormal,Contagem de linfócitos anormais
Lymphocyte count decreased,A contagem de linfócitos diminuiu
Lymphocyte count increased,A contagem de linfócitos aumentou
Lymphocyte transformation test positive,Teste de transformação de linfócitos positivo
Lymphocytic colitis,Colite linfocítica
Lymphocytic infiltration,Infiltração linfocítica
Lymphocytic leukaemia,Leucemia linfocítica
Lymphocytoma cutis,Linfocitoma cutis
Lymphocytosis,Linfocitose
Lymphoedema,Linfedema
Lymphoma,Linfoma
Lymphoma cutis,Linfoma Cutis
Lymphopenia,Linfopenia
Lymphoproliferative disorder,Transtorno linfoproliferativo
Lymphorrhoea,Lymphorrheea
Lymphostasis,Linfostase
Macular degeneration,Degeneração macular
Macular fibrosis,Fibrose macular
Macular hole,Orifício macular
Macular oedema,Edema macular
Macular pigmentation,Pigmentação macular
Macule,Macule
Maculopathy,Maculopatia
Madarosis,MARAROSIS
Major bleed,Grande sangramento
Major depression,Depressão maior
Malabsorption,Malabsorção
Malaise,Mal -estar
Malaise and fatigue,Mal -estar e fadiga
Malaria,Malária
Male orgasmic disorder,Transtorno orgásmico masculino
Male sexual dysfunction,Disfunção sexual masculina
Malformation venous,Malformação venosa
Malignant histiocytosis,Histiocitose maligna
Malignant hypertension,Hipertensão maligna
Malignant melanoma,Melanoma maligno
Malignant mesenchymoma,Mesenquimoma maligno
Malignant neoplasm of pancreas,Neoplasia maligna do pâncreas
Malignant neoplasm of renal pelvis,Neoplasia maligna da pelve renal
Malignant neoplasm progression,Progressão neoplasia maligna
Malignant ovarian cyst,Cisto ovariano maligno
Malignant solid tumour,Tumor sólido maligno
Malignant syndrome NOS,Síndrome maligna nos
Malignant transformation,Transformação maligna
Mallory-Weiss syndrome,Síndrome de Mallory-Weiss
Malnutrition,Desnutrição
Mammogram abnormal,Mamograma anormal
Mania,Mania
Manic episode,Episódio maníaco
Manic psychosis,Psicose maníaca
Mantle cell lymphoma,Linfoma de células do manto
Markedly reduced dietary intake,Ingestão dietética marcadamente reduzida
Marrow hyperplasia,Hiperplasia da medula
Masked facies,Fácies mascaradas
Mass,Massa
Mastication disorder,Transtorno de mastigação
Mastitis,Mastite
Mastitis acute female,Mastite fêmea aguda
Mastitis male,Mastite masculino
Mastocytosis,Mastocitose
Mastoiditis,Mastoidite
Mean arterial pressure,Pressão arterial média
Mean arterial pressure decreased,A pressão arterial média diminuiu
Mean cell volume increased,O volume médio de células aumentou
Mean platelet volume decreased,O volume médio de plaquetas diminuiu
Measles,Sarampo
Mechanical complication of implant,Complicação mecânica do implante
Mechanical urticaria,Urticária mecânica
Mediastinal disorder,Transtorno mediastinal
Mediastinitis,Mediastinite
Mediastinum neoplasm,Neoplasia no mediastino
Medical device complication,Complicação do dispositivo médico
Medical device discomfort,Desconforto de dispositivo médico
Medication overuse headache,Medicação Over USUse Dor de cabeça
Medication residue,Resíduo de medicamentos
Medication residue present,Resíduo de medicamentos presentes
Megacolon,Megacolon
Megacolon toxic,Megacolon tóxico
Meibomianitis,Meibomianite
Melaena,Melaena
Melancholia,Melancolia
Melanocytic naevus,Naevus melanocítico
Melanoderma,Melanoderma
Melanoma skin,Pele de melanoma
Melanonychia,Melanonychia
Melanosis,Melanose
Memory impairment,Comprometimento da memória
Memory loss,Perda de memória
Menarche,Menarca
Mendelson's syndrome,Síndrome de Mendelson
Meniere's disease,Doença de Meniere
Meniere's disease aggravated,A doença de Meniere agravou
Meningioma,Meningioma
Meningioma benign,Meningioma benigno
Meningism,Meningismo
Meningitis,Meningite
Meningitis aseptic,Meningite asséptica
Meningitis bacterial,Meningite bacteriana
Meningitis chemical,Meningite Chemical
Meningitis cryptococcal,Meningite criptocócica
Meningitis viral,Meningite viral
Meningocele,Meningocele
Meningoencephalitis,Meningoencefalite
Meningoencephalitis herpetic,Meningoencefalite herpética
Meningomyelocele,Meningomielocele
Menometrorrhagia,Menometrorragia
Menopausal disorder,Transtorno da menopausa
Menopausal symptoms,Sintomas da menopausa
Menopause,Menopausa
Menorrhagia,Menorragia
Menstrual cycle abnormal,Ciclo menstrual anormal
Menstrual cycle prolonged,Ciclo menstrual prolongado
Menstrual disorder,Transtorno menstrual
Menstruation delayed,Menstruação atrasada
Menstruation irregular,Menstruação irregular
Mental aberration,Aberração mental
Mental deficiency,Deficiência mental
Mental disability,Incapacidade mental
Mental disorder,Transtorno mental
Mental disorder due to a general medical condition,Transtorno mental devido a uma condição médica geral
Mental impairment disorders,Distúrbios de deficiência mental
Mental retardation,Retardo mental
Mental state abnormal,Estado mental anormal
Mental status changes,Mudanças de estado mental
Mesenteric artery thrombosis,Trombose da artéria mesentérica
Mesenteric ischemia,Isquemia mesentérica
Mesenteric occlusion,Oclusão mesentérica
Mesenteric vascular insufficiency,Insuficiência vascular mesentérica
Mesothelioma,Mesotelioma
Metabolic acidosis,Acidose metabólica
Metabolic alkalosis,Alcalose metabólica
Metabolic disorder,Transtorno metabólico
Metabolic encephalopathy,Encefalopatia metabólica
Metabolic syndrome,Síndrome metabólica
Metal poisoning,Envenenamento por metal
Metaphyseal dysplasia,Displasia metafisária
Metaplasia,Metaplasia
Metastases to central nervous system,Metástases para o sistema nervoso central
Metastases to liver,Metástases para o fígado
Metastases to peritoneum,Metástases ao peritônio
Metastases to spine,Metástases para coluna
Metastasis,Metástase
Metastatic carcinoma,Carcinoma metastático
Metastatic disease,Doença metastática
Metastatic malignant melanoma,Melanoma maligno metastático
Metastatic melanoma,Melanoma metastático
Metastatic neoplasm,Neoplasia metastática
Metastatic pain,Dor metastática
Metastatic renal cell carcinoma,Carcinoma de células renais metastático
Methaemoglobinaemia,Metaemoglobinaemia
Methicillin-resistant Staphylococcus aureus infection,Infecção por Staphylococcus aureus resistente à meticilina
Metrorrhagia,Metrororragia
Mg reduced,Mg reduzido
Mg++ increased,Mg ++ aumentou
Microalbuminuria,Microalbuminúria
Microangiopathic haemolytic anaemia,Anemia hemolítica microangiopática
Microangiopathy,Microangiopatia
Microcephaly,Microcefalia
Microcytic,Microcítico
Microcytic anaemia,Anemia microcítica
Microcytosis,Microcitose
Microembolism,Microembolismo
Microhemorrhage,Microhemorragia
Microscopic hematuria,Hematúria microscópica
Microsomia,Microsomia
Micturition burning,Micurição queima
Micturition disorder,Transtorno da micção
Micturition urgency,Urgência de micção
Middle ear effusion,Efusão da orelha média
Middle insomnia,Insônia média
Midsystolic click,Midsystolic Click
Migraine,Enxaqueca
Migraine aggravated,Enxaqueca agravada
Migraine without aura,Enxaqueca sem aura
Migration of implant,Migração do implante
Milia,Milia
Miliaria,Miliaria
Miliaria rubra,Miliaria Rubra
Mineralocorticoid deficiency,Deficiência de mineralocorticóide
Minor bleed,Menor sangramento
Miosis,Miose
Mitochondrial toxicity,Toxicidade mitocondrial
Mitral valve disease,Doença da válvula mitral
Mitral valve incompetence,Incompetência da válvula mitral
Mixed connective tissue disease,Doença do tecido conjuntivo misto
Mixed liver injury,Lesão hepática mista
Moaning,Gemendo
Mobility decreased,A mobilidade diminuiu
Molluscum contagiosum,Molusco contagioso
Monarthritis,Monartrite
Moniliasis genital female,MONILIASIS FEMANHA GENAL
Monoclonal gammopathy,Gamopatia monoclonal
Monocyte count decreased,A contagem de monócitos diminuiu
Monocyte count increased,A contagem de monócitos aumentou
Monocytosis,Monocitose
Monomorphic ventricular tachycardia,Taquicardia ventricular monomórfica
Mononeuritis,Mononeurite
Mononeuropathy,Mononeuropatia
Monoparesis,Monoparesia
Monoplegia,Monoplegia
Mood alteration NOS,Alteração de humor Nos
Mood alterations with depressive symptoms,Alterações de humor com sintomas depressivos
Mood swings,Mudanças de humor
Morbid dreams,Sonhos mórbidos
Morbid thoughts,Pensamentos mórbidos
Morphoea,Morphoea
Mosquito bite,Picada de mosquito
Motion sickness,Doença de movimento
Motor dysfunction,Disfunção motor
Motor neurone disease,Doença do neurônio motor
Motor restlessness,Inquietação do motor
Motor tic,Tique motor
Mouth haemorrhage,Hemorragia na boca
Mouth injury,Lesão na boca
Mouth irritation,Irritação na boca
Mouth ulceration,Ulceração da boca
Movement disorder,Transtorno do movimento
Movements involuntary,Movimentos involuntários
Mucocutaneous candidiasis,Candidíase mucocutânea
Mucormycosis,Mucormicose
Mucosal atrophy,Atrofia da mucosa
Mucosal bleeding,Sangramento da mucosa
Mucosal discolouration,Descoloração da mucosa
Mucosal dryness,Secura da mucosa
Mucosal erosion,Erosão da mucosa
Mucosal excoriation,Excoriação da mucosa
Mucosal haemorrhage,Hemorragia da mucosa
Mucosal inflammation,Inflamação da mucosa
Mucosal pigmentation,Pigmentação da mucosa
Mucosal swelling,Inchaço da mucosa
Mucosal ulceration,Ulceração da mucosa
Mucous membrane disorder,Transtorno da membrana mucosa
Mucous stools,Fezes mucosas
Multi-organ failure,Falha de vários órgãos
Multifocal atrial tachycardia,Taquicardia atrial multifocal
Multifocal motor neuropathy,Neuropatia motora multifocal
Multifocal ventricular tachycardia,Taquicardia ventricular multifocal
Multiparous,Multípara
Multiple allergies,Múltiplas alergias
Multiple congenital abnormalities,Múltiplas anormalidades congênitas
Multiple fractures,Múltiplas fraturas
Multiple pregnancy,Gravidez múltipla
Multiple sclerosis,Esclerose múltipla
Multiple sclerosis exacerbation,Esclerose múltipla exacerbação
Multiple sclerosis relapse,Recaída de esclerose múltipla
Muscle atrophy,Atrofia muscular
Muscle contractions involuntary,Contrações musculares involuntárias
Muscle contracture,Contratura muscular
Muscle damage,Dano muscular
Muscle enzyme increased,A enzima muscular aumentou
Muscle fatigue,Fadiga muscular
Muscle fibrosis,Fibrose muscular
Muscle haemorrhage,Hemorragia muscular
Muscle injury,Lesão muscular
Muscle mass,Massa muscular
Muscle movement involuntary,Movimento muscular involuntário
Muscle necrosis,Necrose muscular
Muscle relaxant therapy,Terapia relaxante muscular
Muscle relaxation,Relaxamento muscular
Muscle rigidity,Rigidez muscular
Muscle rupture,Ruptura muscular
Muscle spasms,Espasmos musculares
Muscle spasticity,Espasticidade muscular
Muscle stiffness,Rigidez muscular
Muscle strain,Tensão muscular
Muscle swelling,Inchaço muscular
Muscle tightness,Tensão muscular
Muscle tone disorder,Transtorno do tônus ​​muscular
Muscle tone flaccid,Tom muscular flácido
Muscle twitching,Muscle Twitching
Muscular incoordination,Incoordenação muscular
Muscular ventricular septal defect,Defeito septal ventricular muscular
Muscular weakness,Fraqueza muscular
Musculoskeletal chest pain,Dor no peito musculoesquelético
Musculoskeletal deformity,Deformidade músculo -esquelética
Musculoskeletal discomfort,Desconforto musculoesquelético
Musculoskeletal disorder,Transtorno músculo -esquelético
Musculoskeletal pain,Dor musculoesquelética
Musculoskeletal stiffness,Rigidez musculoesquelética
Mutism,Mutismo
Myalgia,Mialgia
Myasthenia,Miastenia
Myasthenia gravis,Miastenia gravis
Myasthenia gravis-like syndrome,Síndrome de Miastenia gravis
Myasthenic syndrome,Síndrome miastênica
Mycobacterial infection,Infecção micobacteriana
Mycobacterium avium complex infection,Infecção do complexo mycobacterium avium
Mycobacterium test,Teste de Mycobacterium
Mycosis fungoides,Micose FunGoides
Mydriasis,Midríase
Myelitis,Mielite
Myelitis transverse,Mielite transversal
Myelodysplasia,Mielodisplasia
Myelodysplastic syndrome,Síndrome mielodisplásica
Myelodysplastic syndrome transformation,Transformação da síndrome mielodisplásica
Myelofibrosis,Mielofibrose
Myeloid leukaemia,Leucemia mielóide
Myeloid metaplasia,Metaplasia mielóide
Myeloproliferative disorder,Transtorno mieloproliferativo
Myelosuppression,Mielossupressão
Myocardial depression,Depressão do miocárdio
Myocardial disorder,Transtorno do miocárdio
Myocardial haemorrhage,Hemorragia miocárdica
Myocardial hypertrophy,Hipertrofia miocárdica
Myocardial infarction,Infarto do miocárdio
Myocardial ischaemia,Isquemia do miocárdio
Myocardial necrosis,Necrose miocárdica
Myocardial reinfarction,Reinfarto do miocárdio
Myocardial rupture,Ruptura do miocárdio
Myocarditis,Miocardite
Myoclonic epilepsy,Epilepsia mioclônica
Myoclonus,Mioclonia
Myofascial pain syndrome,Síndrome da dor miofascial
Myoglobin urine present,Urina de mioglobina presente
Myoglobinaemia,Mioglobinaemia
Myoglobinuria,Mioglobinúria
Myopathy,Miopatia
Myopathy toxic,Miopatia tóxica
Myopericarditis,Miopericardite
Myopia,Miopia
Myopia transient,Miopia transitória
Myositis,Miosite
Myotonia,Miotonia
Myringitis,Miringite
Myxoedema,Myxoedema
N-acetylglutamate synthase deficiency,Deficiência de N-acetilglutamato sintase
NPN increased,NPN aumentou
Nail abnormality NOS,Anormalidade das unhas Nos
Nail bed infection,Infecção por canteiro de unhas
Nail bed tenderness,Sensibilidade da cama de unha
Nail changes,Mudanças de unhas
Nail discolouration,Descoloração da unha
Nail discomfort,Desconforto de unhas
Nail disorder,Transtorno da unha
Nail dystrophy,Distrofia de unhas
Nail hypertrophy,Hipertrofia da unha
Nail infection,Infecção por unhas
Nail longitudinal striations,Estrias longitudinais da unha
Nail pigmentation,Pigmentação da unha
Nail ridging,Ridring de unhas
Nail thinning,Desbaste da unha
Nail toxicity,Toxicidade da unha
Narcolepsy,Narcolepsia
Nasal burning,Queima nasal
Nasal congestion,Congestão nasal
Nasal discomfort,Desconforto nasal
Nasal disorder,Transtorno nasal
Nasal dryness,Secura nasal
Nasal inflammation,Inflamação nasal
Nasal irritation,Irritação nasal
Nasal itching,Coceira nasal
Nasal mucosal disorder,Transtorno da mucosa nasal
Nasal mucosal erythema,Eritema da mucosa nasal
Nasal mucus blood tinged,Sangue nasal de muco tingido
Nasal obstruction,Obstrução nasal
Nasal odour,Odor nasal
Nasal oedema,Edema nasal
Nasal pain,Dor nasal
Nasal passage irritation,Irritação na passagem nasal
Nasal polyps,Pólipos nasais
Nasal septum deviation,Desvio nasal do septo
Nasal septum disorder,Transtorno do septo nasal
Nasal septum perforation,Perfuração nasal do septo
Nasal septum ulceration,Ulceração nasal do septo
Nasal sinus drainage,Drenagem nasal do seio
Nasal soreness,Doridade nasal
Nasal ulcer,Úlcera nasal
Nasopharyngeal cancer,Câncer nasofaríngeo
Nasopharyngeal carcinoma,Carcinoma nasofaríngeo
Nasopharyngeal disorder,Transtorno nasofaríngeo
Nasopharyngitis,Nasofaringite
Nausea,Náusea
Nausea aggravated,Náusea agravou
Nausea alone,Náusea sozinha
Nausea postoperative,Náusea pós -operatório
Neck injury,Lesão no pescoço
Neck oedema of,Edema do pescoço de
Neck pain,Dor no pescoço
Neck stiffness,Rigidez do pescoço
Neck swelling,Inchaço do pescoço
Neck tightness,Aperto no pescoço
Necrolysis epidermal,Epidérmica da necrólise
Necrosis,Necrose
Necrosis ischaemic,Necrose isquêmica
Necrotising colitis,Colite necrosante
Necrotising enterocolitis neonatal,Necrosante enterocolite neonatal
Necrotising fasciitis,Fascite necrosante
Necrotizing enterocolitis,Enterocolite necrosante
Needle injury,Lesão por agulha
Negativism,Negativismo
Neisseria infection,Infecção por Neisseria
Neonatal and infancy disorder,Distúrbio neonatal e infantil
Neonatal disorder,Transtorno neonatal
Neonatal hyponatraemia,Hiponatremia neonatal
Neonatal infection,Infecção neonatal
Neonatal tachypnoea,TACHYPNOEA NEONATAL
Neoplasm,Neoplasia
Neoplasm malignant,Neoplasia maligna
Neoplasm malignant aggravated,Neoplasia maligna agravada
Neoplasm progression,Progressão da neoplasia
Neoplasm prostate,Próstata da neoplasia
Neoplasm recurrence,Recorrência da neoplasia
Neoplasm skin,Pele neoplasma
Nephritic syndrome,Síndrome nefrítica
Nephritis,Nefrite
Nephritis interstitial,Nefrite intersticial
Nephrocalcinosis,Nefrocalcinose
Nephrogenic diabetes insipidus,Diabetes insipidus nefrogênico
Nephrogenic systemic fibrosis,Fibrose sistêmica nefrogênica
Nephrolithiasis,Nefrolitíase
Nephropathy,Nefropatia
Nephropathy toxic,Nefropatia tóxica
Nephrosclerosis,Nefrosclerose
Nephrosis,Nefrose
Nephrosis lower nephron,Nefrose inferior néfron
Nephrotic syndrome,Síndrome nefrótica
Nephrotoxicity,Nefrotoxicidade
Nerve compression,Compressão nervosa
Nerve conduction studies abnormal,Estudos de condução nervosa anormais
Nerve injury,Lesão nervosa
Nerve paralysis,Paralisia do nervo
Nerve root lesion,Lesão da raiz nervosa
Nervous system disorder,Transtorno do sistema nervoso
Nervous tremulousness,Trêmula nervosa
Nervousness,Nervosismo
Netherton's syndrome,Síndrome de Netherton
Nettle rash,Erupção cutânea
Neural hearing loss,Perda auditiva neural
Neural tube defect,Defeito no tubo neural
Neuralgia,Neuralgia
Neuritis,Neurite
Neuritis retrobulbar,Neurite Retrobulbar
Neurodermatitis,Neurodermatite
Neuroectodermal neoplasm,Neoplasia neuroectodérmica
Neurofibroma,Neurofibroma
Neurofibromatosis,Neurofibromatose
Neurogenic bladder,Bexiga neurogênica
Neuroglycopenia,Neuroglicopenia
Neuroleptic malignant syndrome,Síndrome dos malignos neurolépticos
Neurologic reaction,Reação neurológica
Neurological disorders NEC,Distúrbios neurológicos NEC
Neurological examination abnormal,Exame neurológico anormal
Neurological impairment,Comprometimento neurológico
Neurological symptom,Sintoma neurológico
Neuroma,Neuroma
Neuromuscular block prolonged,Bloco neuromuscular prolongado
Neuromuscular toxicity,Toxicidade neuromuscular
Neuromyopathy,Neuromiopatia
Neuropathic arthropathy,Artropatia neuropática
Neuropathy,Neuropatia
Neuropathy peripheral,Neuropatia periférica
Neurosis,Neurose
Neurotoxicity,Neurotoxicidade
Neurotransmitter level altered,O nível de neurotransmissor alterado
Neutropenia,Neutropenia
Neutropenia aggravated,Neutropenia agravada
Neutropenic colitis,Colite neutropênica
Neutropenic enterocolitis,Enterocolite neutropênica
Neutropenic infection,Infecção neutropênica
Neutropenic sepsis,Sepse neutropênica
Neutrophil count decreased,A contagem de neutrófilos diminuiu
Neutrophil count increased,A contagem de neutrófilos aumentou
Neutrophil percentage increased,A porcentagem de neutrófilos aumentou
Neutrophilia,Neutrofilia
Neutrophilic dermatosis,Dermatose neutrofílica
Nevus,Nevus
Nicotine dependence,Dependência da nicotina
Nicotine poisoning,Envenenamento por nicotina
Nicotinic acid deficiency,Deficiência de ácido nicotínico
Nicotinic effects,Efeitos nicotínicos
Night blindness,Cegueira noturna
Night cramps,Cólicas noturnas
Night sweats,Suores noturnos
Nightmare,Pesadelo
Nipple disorder,Transtorno do mamilo
Nipple pain,Dor no mamilo
Nipple swelling,Inchaço do mamilo
Nipple tenderness,Sensibilidade do mamilo
Nitrogen balance negative,Equilíbrio de nitrogênio negativo
Nocardiosis,Nocardiose
Nocturia,Noctúria
Nocturia aggravated,Noctúria agravou
Nocturnal confusion,Confusão noturna
Nocturnal dyspnoea,Dispnea noturna
Nocturnal emission,Emissão noturna
Nocturnal enuresis,Enurese noturna
Nodal arrhythmia,Arritmia nodal
Nodal block,Bloco nodal
Nodal rhythm,Ritmo nodal
Nodal tachycardia,Taquicardia nodal
Nodular regenerative hyperplasia,Hiperplasia regenerativa nodular
Nodule,Nódulo
Non-Hodgkin's lymphoma,Linfoma não-Hodgkin
Non-Q wave MI,Onda não Q MI
Non-accidental injury,Lesão não acidental
Non-cardiac chest pain,Dor no peito não cardíaca
Non-cardiogenic pulmonary oedema,Edema pulmonar não cardiogênico
Non-small cell lung cancer,Câncer de pulmão de células não pequenas
Non-sustained ventricular tachycardia,Taquicardia ventricular não sustentada
Nonconvulsive status epilepticus,Status não conversivo epilepticus
Noninfectious peritonitis,Peritonite não infecciosa
Nontoxic goiter,Bócio não tóxico
Normochromic normocytic anaemia,Anemia normocítica normocrômica
Normocytic anemia,Anemia normocítica
Nose infection NOS,Infecção no nariz nos
Nosocomial pneumonia,Pneumonia nosocomial
Nuchal rigidity,Rigidez nucal
Numbness,Dormência
Numbness facial,Dormência facial
Numbness generalized,Dormência generalizada
Numbness in fingers,Dormência nos dedos
Numbness in leg,Dormência na perna
Numbness lips,Dormência lábios
Numbness of limbs,Dormência dos membros
Numbness of tongue,Dormência da língua
Nystagmus,Nistagmo
Obesity,Obesidade
Obliterative bronchiolitis,Broquiolite obliterativa
Obnubilation,OBNUBILAÇÃO
Obsessional neurosis,Neurose obsessional
Obsessive rumination,Ruminação obsessiva
Obsessive thoughts,Pensamentos obsessivos
Obsessive-compulsive disorder,Transtorno obsessivo-compulsivo
Obsessive-compulsive personality disorder,Transtorno de personalidade obsessiva-compulsiva
Obstetric procedure complication,Complicação do procedimento obstétrico
Obstipation,Obstipação
Obstruction,Obstrução
Obstructive airways disorder,Transtorno obstrutivo das vias aéreas
Obstructive sleep apnea syndrome,Síndrome obstrutiva do sono
Occipital headache,Dor de cabeça occipital
Occipital neuralgia,Neuralgia occipital
Occult blood positive,Sangue oculto positivo
Occupational exposures,Exposições ocupacionais
Ochronosis,Ocronoe
Ocular discomfort,Desconforto ocular
Ocular hyperaemia,Hiperemia ocular
Ocular hypertension,Hipertensão ocular
Ocular icterus,Icterus ocular
Ocular sensation disorders,Distúrbios da sensação ocular
Ocular stinging,Picada ocular
Ocular surface disease,Doença da superfície ocular
Ocular toxicity,Toxicidade ocular
Ocular vascular disorder,Transtorno vascular ocular
Oculo-respiratory syndrome,Síndrome-respiratória Oculo
Oculogyration,Oculogirração
Oculogyric crisis,Crise oculogírica
Oculomucocutaneous syndrome,Síndrome oculomucocutânea
Oculorespiratory syndrome,Síndrome oculorespiratória
Odynophagia,Odófagia
Oedema,Edema
Oedema aggravated,Edema agravado
Oedema auricular,Edema auricular
Oedema due to cardiac disease,Edema devido a doença cardíaca
Oedema genital,Edema genital
Oedema labial genital,Genital labial de edema
Oedema mouth,Boca de edema
Oedema mucosal,MUCOSAL DE EDEMA
Oedema peripheral,Edema periférico
Oesophageal achalasia,Acalasia esofágica
Oesophageal atresia,Atresia esofágica
Oesophageal candidiasis,Candidíase esofágica
Oesophageal carcinoma,Carcinoma esofágico
Oesophageal discomfort,Desconforto esofágico
Oesophageal disorder,Transtorno esofágico
Oesophageal haemorrhage,Hemorragia esofágica
Oesophageal irritation,Irritação esofágica
Oesophageal motility disorder,Transtorno da motilidade esofágica
Oesophageal neoplasm,Neoplasia esofágica
Oesophageal obstruction,Obstrução esofágica
Oesophageal oedema,Edema esofágico
Oesophageal pain,Dor esofágica
Oesophageal perforation,Perfuração esofágica
Oesophageal reflux aggravated,O refluxo esofágico agravou
Oesophageal rupture,Ruptura esofágica
Oesophageal spasm,Espasmo esofágico
Oesophageal stenosis,Estenose esofágica
Oesophageal stenosis acquired,Estenose esofágica adquirida
Oesophageal ulcer,Úlcera esofágica
Oesophageal varices haemorrhage,Varizes esofágicas hemorragia
Oesophagitis,Esofagite
Oesophagitis ulcerative,Esofagite ulcerativa
Oestradiol increased,Oestradiol aumentou
Oestrogen deficiency,Deficiência de estrogênio
Oestrogen low,Estrogênio baixo
Oestrogenic effect,Efeito estrogênico
Oily hair,Cabelo oleoso
Oily skin,Pele oleosa
Olecranon bursitis,Bursite do Olecrano
Oligohydramnios,Oligo -hidramnios
Oligomenorrhoea,Oligomenorreia
Oligospermia,Oligospermia
Oliguria,Oligúria
Omphalocele,Onfalocele
Onychia,Onychia
Onychoclasis,Onychoclasis
Onycholysis,Onicólise
Onychomadesis,Onicomadese
Onychomycosis,Onicomicose
Open wound,Ferir aberto
Operative bleeding,Sangramento operacional
Ophthalmic herpes simplex,Herpes oftálmico simplex
Ophthalmic herpes zoster,Herpes oftálmico Zoster
Ophthalmoplegia,Ophthalmoplegia
Opioid abuse,Abuso de opióides
Opioid naive,Opioide ingênuo
Opisthotonus,Opistthotonus
Opportunistic infection,Infecção oportunista
Opportunistic mycosis,Micose oportunista
Oppositional,Oposição
Optic atrophy,Atrofia óptica
Optic disc vascular disorder,Distúrbio vascular do disco óptico
Optic ischaemic neuropathy,Neuropatia isquêmica óptica
Optic nerve cupping,Caminha do nervo óptico
Optic nerve disorder,Transtorno do nervo óptico
Optic neuritis,Neurite óptica
Oral candidiasis,Candidíase oral
Oral discomfort,Desconforto oral
Oral disorder,Transtorno oral
Oral fungal infection,Infecção fúngica oral
Oral herpes,Herpes orais
Oral infection,Infecção oral
Oral lesion,Lesão oral
Oral mucosa erosion,Erosão da mucosa oral
Oral mucosa sore,Mucosa oral dolorida
Oral mucosal blistering,Bolhas da mucosa oral
Oral mucosal discolouration,Descoloração da mucosa oral
Oral mucosal disorder,Transtorno da mucosa oral
Oral mucosal exfoliation,Esfoliação da mucosa oral
Oral mucosal irritation,Irritação da mucosa oral
Oral mucosal petechiae,MUCOSE ORAL PETECHIAE
Oral neoplasm,Neoplasia oral
Oral neoplasm benign,Neoplasia oral benigna
Oral pain,Dor oral
Oral papilloma,Papiloma oral
Oral pruritus,Prurido oral
Oral pustule,Pustule oral
Oral soft tissue disorder NOS,Transtorno de tecidos moles orais NOS
Oral toxicity,Toxicidade oral
Orbital oedema,Edema orbital
Orchitis,Orquite
Orchitis noninfective,Orquite não infecciosa
Organ failure,Falência de órgãos
Organic brain syndrome,Síndrome do cérebro orgânico
Organising pneumonia,Organização da pneumonia
Orgasm abnormal,Orgasmo anormal
Orgasmic sensation decreased,A sensação orgásmica diminuiu
Orofacial dyskinesia,Diskinesia orofacial
Orofacial oedema,Edema orofacial
Oromandibular dystonia,Distonia oromandibular
Oropharyngeal blistering,Blistering orofaríngeo
Oropharyngeal candidiasis,Candidíase orofaríngea
Oropharyngeal discomfort,Desconforto orofaríngeo
Oropharyngeal pain,Dor orofaríngea
Oropharyngeal spasm,Espasmo orofaríngeo
Oropharyngeal squamous cell carcinoma,Carcinoma espinocelular orofaríngeo
Oropharyngeal swelling,Inchaço orofaríngeo
Orthopnoea,Ortopneia
Orthostatic collapse,Colapso ortostático
Orthostatic dysregulation,Desregulação ortostática
Orthostatic hypertension,Hipertensão ortostática
Orthostatic hypotension,Hipotensão ortostática
Orthostatic intolerance,Intolerância ortostática
Oscillopsia,Oscilopsia
Osmolality increased,ASMolalidade aumentou
Osmotic demyelination syndrome,Síndrome de desmielinização osmótica
Osteitis,Osteíte
Osteoarthritis,Osteoartrite
Osteoarthritis aggravated,Osteoartrite agravada
Osteoarticular pain,Dor osteoarticular
Osteocalcin increased,Osteocalcina aumentou
Osteochondrosis,Osteocondrose
Osteodystrophy,Osteodistrofia
Osteogenesis imperfecta,Osteogênese imperfeita
Osteolysis,Osteólise
Osteolytic lesion,Lesão osteolítica
Osteomalacia,Osteomalácia
Osteomyelitis,Osteomielite
Osteonecrosis,Osteonecrose
Osteonecrosis of jaw,Osteonecrose da mandíbula
Osteopenia,Osteopenia
Osteoporosis,Osteoporose
Osteoporotic fracture,Fratura osteoporótica
Osteosarcoma,Osteossarcoma
Osteosarcoma metastatic,Osteossarcoma metastático
Osteosclerosis,Osteosclerose
Other acne,Outra acne
Other bacterial diseases,Outras doenças bacterianas
Other conjunctivitis,Outra conjuntivite
Other dermatoses,Outras dermatoses
Other disorders of eye,Outros distúrbios do olho
Other forms of epilepsy,Outras formas de epilepsia
Other scleritis,Outra esclerite
Other sleep disturbances,Outros distúrbios do sono
Otitis,Otite
Otitis externa,Otite externa
Otitis media,Otitis Media
Otitis media acute,Otite média aguda
Otitis media chronic,Otite média crônica
Otitis media serous,Otite media serosa
Otorrhoea,OTorrheea
Otosalpingitis,Otosalpingite
Ototoxicity,Ototoxicidade
Ovarian atrophy,Atrofia ovariana
Ovarian cancer,Câncer de ovário
Ovarian carcinoma,Carcinoma ovariano
Ovarian cyst,Cisto ovariano
Ovarian disorder,Transtorno do ovário
Ovarian enlargement,Aumento do ovário
Ovarian failure,Insuficiência ovariana
Ovarian germ cell teratoma benign,Teratoma de células germinativas ovariano Benigno
Ovarian haemorrhage,Hemorragia ovariana
Ovarian hyperstimulation,Hiperestimulação ovariana
Ovarian hyperstimulation syndrome,Síndrome de hiperestimulação ovariana
Ovarian neoplasm,Neoplasia ovariana
Ovarian pain,Dor ovariana
Overactivity,Superatividade
Overdose,Overdose
Overdose effect,Efeito de overdose
Oversedation,Operedação
Ovulation disorder,Transtorno da ovulação
Ovulation inhibited,Ovulação inibida
Ovulation pain,Dor de ovulação
Oxygen saturation decreased,A saturação de oxigênio diminuiu
PCO2,PCO2
PRL increased,PRL aumentou
Pain,Dor
Pain burning,Queima de dor
Pain during injection,Dor durante a injeção
Pain hunger,Fome da dor
Pain in arm,Dor no braço
Pain in elbow,Dor no cotovelo
Pain in extremity,Dor na extremidade
Pain in fingers,Dor nos dedos
Pain in jaw,Dor na mandíbula
Pain localised,Dor localizada
Pain neck/shoulder,Pain pescoço/ombro
Pain nerve,Nervo da dor
Pain of lower extremities,Dor de extremidades inferiores
Pain of skin,Dor na pele
Pain worsened,A dor piorou
Painful ankle,Tornozelo doloroso
Painful ejaculation,Ejaculação dolorosa
Painful erection,Ereção dolorosa
Painful red eyes,Olhos vermelhos dolorosos
Painful respiration,Respiração dolorosa
Painful response to normal stimuli,Resposta dolorosa a estímulos normais
Pallanesthesia,Pallanestesia
Pallor,Palidez
Pallor facial,PALOR FACIAL
Pallor of skin,Palidez da pele
Palmar erythema,Eritema palmar
Palmar-plantar erythema,Eritema palmar-plantar
Palmar-plantar erythrodysaesthesia syndrome,Síndrome da eritrodiastesia palmar-plantar
Palpable purpura,Purpura palpável
Palpitations,Palpitações
Pancolitis,Pancolite
Pancreatic abscess,Abscesso pancreático
Pancreatic carcinoma,Carcinoma pancreático
Pancreatic disorder,Transtorno pancreático
Pancreatic enzymes abnormal,Enzimas pancreáticas anormais
Pancreatic enzymes increased,As enzimas pancreáticas aumentaram
Pancreatic insufficiency,Insuficiência pancreática
Pancreatic necrosis,Necrose pancreática
Pancreatic neoplasm,Neoplasia pancreática
Pancreatic pseudocyst,Pseudocisto pancreático
Pancreatitis,Pancreatite
Pancreatitis acute,Pancreatite aguda
Pancreatitis acute on chronic,Pancreatite aguda no crônico
Pancreatitis aggravated,Pancreatite agravada
Pancreatitis chronic,Pancreatite crônica
Pancreatitis due to biliary obstruction,Pancreatite devido a obstrução biliar
Pancreatitis haemorrhagic,Pancreatite hemorrágica
Pancreatitis necrotising,Pancreatite necrosante
Pancytopenia,Pancytopenia
Panic attack,Ataque de pânico
Panic disorder,Síndrome do pânico
Panic reaction,Reação de pânico
Panniculitis,Paniculite
Panophthalmitis,Panoftalmite
Panuveitis,Panuveíte
Papanicolaou smear suspicious,Papanicolaou derramar suspeito
Papillary muscle rupture,Ruptura muscular papilar
Papillary thyroid cancer,Câncer de tireóide papilar
Papilloedema,Papilloedema
Papilloma,Papilloma
Papillomatosis,Papilomatose
Papule,Pápula
Papulopustular rash,Erupção cutânea papulopustular
Paracoccidioides infection,Infecção por paracoccidioides
Paradoxical pressor response,Resposta do Pressor Paradoxal
Paraesthesia,Paraestesia
Paraesthesia NEC,Paraestesia nec
Paraesthesia foot,Pé de paraestesia
Paraesthesia hand,Paraestesia mão
Paraesthesia oral,Paraestesia oral
Paraesthesia skin,Paraestesia pele
Paraesthesias and dysaesthesias,Paraestesias e dysaestesias
Parainfluenzae virus infection,Infecção pelo vírus parainfluenzae
Paralysis,Paralisia
Paralysis flaccid,Paralisia flácida
Paralysis of bladder,Paralisia da bexiga
Paranasal sinus hypersecretion,Hipersecreção do seio paranasal
Paranoia,Paranóia
Paranoid delusions,Delírios paranóicos
Paranoid reaction,Reação paranóica
Paranoid state,Estado paranóico
Paraparesis,Paraparesia
Paraplegia,Paraplegia
Paraproteinaemia,Paraproteinemia
Parasomnia,Parasomnia
Parasuicide,Parasuicida
Parathyroid disorder,Transtorno da paratireóide
Parathyroid tumour,Tumor da paratireóide
Parathyroid tumour benign,Tumor da paratireóide benigno
Paresis,Paresia
Paresthesia generalized,Parestesia generalizada
Paresthesia lips,Lábios de parestesia
Paresthesia lower limb,Parestesia Limbo inferior
Paresthesia of fingers,Parestesia dos dedos
Paresthesia of limbs,Parestesia dos membros
Paresthesia of scalp,Parestesia do couro cabeludo
Parkinson's disease,Doença de Parkinson
Parkinson's disease aggravated,A doença de Parkinson agravou
Parkinsonian gait,Marca Parkinsonian
Parkinsonian rest tremor,Tremor de descanso parkinsoniano
Parkinsonism,Parkinsonism
Parkinsonism aggravated,Parkinsonismo agravado
Paronychia,Paronychia
Parosmia,Parosmia
Parotid duct obstruction,Obstrução do ducto parotídeo
Parotid gland enlargement,Aumentação da glândula parótida
Parotid gland inflammation,Inflamação da glândula parótida
Parotid swelling,Inchaço parótido
Parotitis,Parotite
Paroxysmal atrial fibrillation,Fibrilação atrial paroxística
Paroxysmal atrial tachycardia,Taquicardia atrial paroxística
Paroxysmal nocturnal haemoglobinuria,Haemoglobinúria noturna paroxística
Paroxysmal ventricular tachycardia,Taquicardia ventricular paroxística
Pars planitis,Pars planitis
Partial hearing loss,Perda auditiva parcial
Partial permanent deafness,Surdez permanente parcial
Partial seizures,Convulsões parciais
Partial transitory deafness,Surdez parcial transitória
Partner stress,Estresse do parceiro
Patent ductus arteriosus,Patente ducto arterioso
Pathogen resistance,Resistência a patógenos
Pathological gambling,Apostas patológicas
Pectus excavatum,Pectus excavatum
Pedal pulse decreased,O pulso do pedal diminuiu
Peliosis hepatis,Peliose hepatis
Pelvi-ureteric obstruction,Obstrução Pelvi-Peretérica
Pelvic abscess,Abscesso pélvico
Pelvic discomfort,Desconforto pélvico
Pelvic fibrosis,Fibrose pélvica
Pelvic fracture,Fratura pélvica
Pelvic haematoma,Hematoma pélvico
Pelvic haemorrhage,Hemorragia pélvica
Pelvic infection,Infecção pélvica
Pelvic inflammatory disease,Doença inflamatória pélvica
Pelvic neoplasm,Neoplasia pélvica
Pelvic pain,Dor pélvica
Pelvic pain female,Dor pélvica fêmea
Pelvic peritoneal adhesions,Adesões peritoneais pélvicas
Pelvic peritonitis,Peritonite pélvica
Pelvic venous thrombosis,Trombose venosa pélvica
Pemphigoid,Pênfigóide
Pemphigoid reaction,Reação de pemfigóide
Pemphigus,Pênfigo
Penicillin allergy,Alergia à penicilina
Penile curvature,Curvatura peniana
Penile discharge,Descarga peniana
Penile haematoma,Hematoma peniano
Penile haemorrhage,Hemorragia peniana
Penile infection,Infecção peniana
Penile oedema,Edema Penil
Penile pain,Dor peniana
Penile swelling,Inchaço do pênis
Penis disorder,Transtorno do pênis
Peptic ulcer,Úlcera péptica
Peptic ulcer haemorrhage,Hemorragia de úlcera péptica
Peptic ulcer perforation,Perfuração da úlcera péptica
Peptic ulcer reactivated,A úlcera péptica reativada
Perceptual distortions,Distorções perceptivas
Perceptual disturbance,Perturbação perceptiva
Perennial allergic rhinitis,Rinite alérgica perene
Performance status decreased,O status de desempenho diminuiu
Periarthritis,Periartrite
Pericardial disease,Doença pericárdica
Pericardial effusion,Efusão pericárdica
Pericardial haemorrhage,Hemorragia pericárdica
Pericardial rub,Esfregar pericárdico
Pericarditis,Pericardite
Pericarditis constrictive,Pericardite restritiva
Peridiverticular abscess,Abscesso peridiverticular
Perineal abscess,Abscesso perineal
Perineal injury,Lesão perineal
Perineal laceration,Laceração perineal
Perineal pain,Dor perineal
Perineal pain female,Dor perineal feminina
Perinephric collection,Coleção perinefrica
Periodontal destruction,Destruição periodontal
Periodontal disease,Doença periodontal
Periodontitis,Periodontite
Perioral paraesthesia,Paraestesia perioral
Perioral tingling,Formigamento perioral
Periorbital haematoma,Hematoma periorbital
Periorbital oedema,Edema periorbital
Periorbital pain,Dor periorbital
Periorbital swelling,Inchaço periorbital
Periostitis,Periostite
Peripheral arterial disease,Doença arterial periférica
Peripheral arterial occlusive disease,Doença oclusiva arterial periférica
Peripheral artery aneurysm,Aneurisma da artéria periférica
Peripheral artery stenosis,Estenose da artéria periférica
Peripheral artery thrombosis,Trombose da artéria periférica
Peripheral coldness,Frieza periférica
Peripheral embolism,Embolia periférica
Peripheral gangrene,Gangrena periférica
Peripheral ischaemia,Isquemia periférica
Peripheral motor neuropathy,Neuropatia motora periférica
Peripheral nerve injury,Lesão do nervo periférico
Peripheral nerve palsy,Paralisia do nervo periférico
Peripheral neuropathy aggravated,Neuropatia periférica agravada
Peripheral sensorimotor neuropathy,Neuropatia sensório -motora periférica
Peripheral sensory neuropathy,Neuropatia sensorial periférica
Peripheral swelling,Inchaço periférico
Peripheral vascular disorder,Transtorno vascular periférico
Peripheral vasodilatation,Vasodilatação periférica
Perirectal abscess,Abscesso perirectal
Perirenal haematoma,Hematoma perirenal
Peritoneal adhesions,Adesões peritoneais
Peritoneal cloudy effluent,Efluente nublado peritoneal
Peritoneal haemorrhage,Hemorragia peritoneal
Peritoneal infection,Infecção peritoneal
Peritonitis,Peritonite
Peritonitis bacterial,Bacteriana da peritonite
Peritonsillar abscess,Abscesso peritonsilar
Peritonsillitis,Peritonsilite
Periungual erythema,Eritema periungico
Periventricular leukomalacia,Leucomalácia periventricular
Peroneal nerve palsy,Paralisia do nervo peroneal
Perseveration,Perseveração
Persistent cough,Tosse persistente
Persistent dry cough,Tosse seca persistente
Persistent foetal circulation,Circulação fetal persistente
Persistent vomiting,Vômito persistente
Personality change,Mudança de personalidade
Personality disorder,Transtorno da personalidade
Pertussis,Pertussis
Petechiae,Petechiae
Petit mal epilepsy,Epilepsia Petit Mal
"Petit mal status, epileptic","Petit Mal Status, epiléptico"
Peyronie's disease,Doença de Peyronie
Phantom limb pain,Dor de membro fantasma
Phantom pain,Dor fantasma
Pharmacokinetic interaction,Interação farmacocinética
Pharyngeal disorder,Transtorno faríngeo
Pharyngeal erythema,Eritema faríngeo
Pharyngeal haemorrhage,Hemorragia faríngea
Pharyngeal lesion,Lesão faríngea
Pharyngeal mucositis,Mucosite faríngea
Pharyngeal oedema,Edema faríngeo
Pharyngitis,Faringite
Pharyngitis streptococcal,Faringite estreptocócica
Pharyngitis ulcerative,Faringite ulcerativa
Pharyngo-oral irritation,Irritação do faringe-oral
Pharyngolaryngeal pain,Dor faringolaryngeal
Phenylketonuria,Fenilcetonúria
Phimosis,Fimose
Phlebitis,Flebite
Phlebitis superficial,Phlebitis superficial
Phlebosclerosis,Flebosclerose
Phobia,Fobia
Phocomelia,Focomelia
Phonological disorder,Transtorno fonológico
Phonophobia,Fonofobia
Phosphatase alkaline increased,A fosfatase alcalina aumentou
Phosphate increased,Fosfato aumentou
Phosphate low,Fosfato baixo
Phosphorus low,Fósforo baixo
Photocontact dermatitis,Dermatite fotocontact
Photodamaged skin,Pele fotodâmica
Photodermatosis,Fotodermatose
Photoonycholysis,Fotogonicólise
Photophobia,Fotofobia
Photopsia,Photopsia
Photosensitivity,Fotossensibilidade
Photosensitivity allergic reaction,Reação alérgica da fotosensibilidade
Photosensitivity reaction,Reação de fotosensibilidade
Phototoxicity,Fototoxicidade
Physical assault,Assalto físico
Physical wandering,Vagando físico
Pica,Pica
Pigment dispersion syndrome,Síndrome de dispersão de pigmentos
Pigmentation disorder,Transtorno da pigmentação
Pigmentation skin,Pele de pigmentação
Pill rolling,Rolando da pílula
Piloerection,Piloerection
Pilonidal cyst,Cisto pilonidal
Pimples,Espinhas
Pitting edema,Edema de posto
Pituitary adenoma,Adenoma da hipófise
Pituitary apoplexy,Apoplexia hipófise
Pituitary haemorrhage,Hemorragia pituitária
Pituitary hormone deficiency,Deficiência de hormônio hipofisário
Pituitary infarction,Infarto da hipófise
Pituitary microadenoma,Microadenoma da hipófise
Pituitary tumour,Tumor pituitado
Pituitary tumour benign,Tumor pituitado benigno
Pituitary-dependent Cushing's syndrome,Síndrome de Cushing dependente da hipófise
Pityriasis lichenoides et varioliformis acuta,Pityríase Lichenoides et varioliformis acuta
Placental disorder,Transtorno da placenta
Plantar erythema,Eritema plantar
Plantar fasciitis,Fasciite plantar
Plantar warts,Verrugas plantares
Plaque psoriasis,Psoríase em placas
Plasma calcium decreased,O cálcio plasmático diminuiu
Plasma cell leukaemia,Leucemia de células plasmáticas
Plasma cell myeloma,Mieloma de células plasmáticas
Plasma cholesterol increased,O colesterol plasmático aumentou
Plasma creatinine increased,A creatinina plasmática aumentou
Plasma osmolality decreased,A osmolalidade plasmática diminuiu
Plasma osmolality increased,A osmolalidade plasmática aumentou
Plasma triglycerides increased,Os triglicerídeos plasmáticos aumentaram
Plasmacytoma,Plasmacitoma
Plasmodium falciparum infection,Infecção por Plasmodium falciparum
Platelet aggregation abnormal,Agregação plaquetária anormal
Platelet aggregation increased,A agregação plaquetária aumentou
Platelet aggregation inhibition,Inibição da agregação plaquetária
Platelet count abnormal,Contagem de plaquetas anormais
Platelet count decreased,A contagem de plaquetas diminuiu
Platelet count normal,Contagem de plaquetas Normal
Platelet disorder,Transtorno de plaquetas
Platelet dysfunction,Disfunção plaquetária
Platelet production decreased,A produção de plaquetas diminuiu
Plateletcrit decreased,Platleetcrit diminuiu
Pleural disorder,Transtorno pleural
Pleural effusion,Efusão pleural
Pleural fibrosis,Fibrose pleural
Pleural infection,Infecção pleural
Pleural rub,Esfreamento pleural
Pleural thickening,Espessamento pleural
Pleurisy,Pleurisia
Pleuritic pain,Dor pleurítica
Pleuropericarditis,Pleuropericardite
Pleurothotonus,Pleurototonus
Pneumatosis,Pneumatose
Pneumatosis cystoides intestinalis,Pneumatose citoides intestinalis
Pneumatosis intestinalis,Pneumatose intestinalis
Pneumocystis carinii infection,Infecção por pneumocystis carinii
Pneumocystis jirovecii infection,Infecção por pneumocystis jirovecii
Pneumocystis jirovecii pneumonia,Pneumocystis jirovecii pneumonia
Pneumomediastinum,Pneumomediastino
Pneumonia,Pneumonia
Pneumonia anthrax,Pneumonia antraz
Pneumonia aspiration,Aspiração de pneumonia
Pneumonia bacterial,Bacteriana de pneumonia
Pneumonia cytomegaloviral,Pneumonia citomegaloviral
"Pneumonia due to Streptococcus, group b","Pneumonia devido a Streptococcus, Grupo B"
Pneumonia fungal,Pneumonia Fungal
Pneumonia hypostatic,Pneumonia Hipostática
Pneumonia klebsiella,Pneumonia Klebsiella
Pneumonia mycoplasmal,Pneumonia micoplasmal
Pneumonia streptococcal,Pneumonia estreptocócica
Pneumopericardium,Pneumopericárdio
Pneumoperitoneum,Pneumoperitônio
Pneumothorax,Pneumotórax
Poikilocytosis,Poikilocitose
Poisoning,Envenenamento
Poliomyelitis,Poliomielite
Pollakiuria,Pollakiuria
Polyangiitis,Polangiite
Polyarteritis nodosa,Polarterite nodosa
Polyarthralgia,Polyarthralgia
Polyarthritis,Polartrite
Polyarthropathy,Polartropatia
Polycystic kidney,Rim policístico
Polycystic ovaries,Ovários policísticos
Polycythaemia,Policitemia
Polycythaemia vera,Policitemia vera
Polydactyly,Polidactilia
Polydipsia,Polidipsia
Polydipsia psychogenic,Polidipsia psicogênica
Polyhydramnios,Poli -hidramnios
Polymenorrhoea,Polimenorreia
Polymorphic light eruption,Erupção de luz polimórfica
Polymorphonuclear leukocytosis,Leucocitose polimorfonuclear
Polymyalgia,Polimialgia
Polymyalgia rheumatica,Polimialgia Rheumatica
Polymyositis,Polimiosite
Polyneuritis,Polineurite
Polyneuropathy,Polyneuropatia
Polyomavirus infections,Infecções por poliomavírus
Polyomavirus-associated nephropathy,Nefropatia associada ao poliomavírus
Polyp,Pólipo
Polyradiculoneuritis,Polirradiculoneurite
Polyserositis,Poliserosite
Polyuria,Polyuria
Poor concentration,Baixa concentração
Poor peripheral circulation,Má circulação periférica
Poor quality sleep,Sono de baixa qualidade
Poor urinary stream,Pobre fluxo urinário
Porphyria acute,Porphyria aguda
Porphyria aggravated,Porphyria agravou
Porphyria cutanea tarda,PORPHYRIA CUTANEA TARDA
Porphyria hepatic,Porfiria hepática
Porphyria non-acute,Porphyria não aguda
Porphyrin metabolism disorder,Transtorno do metabolismo da porfirina
Portal hypertension,Hipertensão portal
Portal vein thrombosis,Trombose da veia portal
Post herpetic neuralgia,Pós -neuralgia herpética
Post lumbar puncture syndrome,Síndrome de punção lombar lombar
Post procedural complication,Pós -complicação processual
Post procedural constipation,Pós -constipação processual
Post procedural diarrhoea,Pós -diarréia processual
Post procedural discharge,Pós -descarga processual
Post procedural haematoma,Pós -hematoma processual
Post procedural haemorrhage,Pós -hemorragia processual
Post procedural infection,Pós -infecção processual
Post procedural nausea,Pós -náusea processual
Post procedural oedema,Pós -edema processual
Post procedural pain,Pós -dor processual
Post procedural swelling,Pós -inchaço processual
Post thrombotic syndrome,Síndrome pós -trombótica
Post transplant diabetes mellitus,Pós -transplante diabetes mellitus
Post transplant lymphoproliferative disorder,Transtorno linfoproliferativo pós -transplante
Post-traumatic neck syndrome,Síndrome do pescoço pós-traumático
Post-traumatic pain,Dor pós-traumática
Post-tussive vomiting,Vômito pós-tussivo
Posterior capsule opacification,Opacificação da cápsula posterior
Posterior reversible encephalopathy syndrome,Síndrome de encefalopatia reversível posterior
Posterior subcapsular cataract,Catarata subcapsular posterior
Posterior synechiae of iris,Synechiae posterior de íris
Posterior uveitis,Uveíte posterior
Posterior vitreous detachment,Destacamento vítreo posterior
Postictal state,Estado pós -ico
Postinfarction,Pós -infarto
Postinfarction angina,Angina pós -infarto
Postmenopausal haemorrhage,Hemorragia pós -menopausa
Postmenopausal spotting,Pós -menopausa
Postnasal drip,Gotejamento pós -nasal
Postoperative complications NOS,Complicações pós -operatórias nos
Postoperative constipation,Constipação pós -operatória
Postoperative fever,Febre pós -operatória
Postoperative hemorrhage,Hemorragia pós -operatória
Postoperative hypertension,Hipertensão pós -operatória
Postoperative ileus,Íleo pós -operatório
Postoperative infection,Infecção pós -operatória
Postoperative pain,Dor pós -operatória
Postoperative shivering,Tremendo pós -operatório
Postoperative wound complication,Complicação de feridas pós -operatórias
Postoperative wound infection,Infecção pós -operatória da ferida
Postpartum disorder,Transtorno pós -parto
Postpartum haemorrhage,Hemorragia pós -parto
Postural orthostatic tachycardia syndrome,Síndrome de taquicardia ortostática postural
Posture abnormal,Postura anormal
Potassium abnormal NOS,Potássio nº anormal nos
Potassium deficiency,Deficiência de potássio
Potassium imbalance,Desequilíbrio de potássio
Potassium increased,O potássio aumentou
Potassium low,Potássio baixo
Pre-eclampsia,Pré-eclâmpsia
Pre-existing disease,Doença pré-existente
Pre-menstrual tension syndrome,Síndrome de tensão pré-menstrual
Precocious puberty,Puberdade precoce
Precordial pain,Dor precordial
Pregnancy,Gravidez
Pregnancy disorder,Transtorno da gravidez
Pregnancy loss,Perda de gravidez
Pregnancy test false positive,Teste de gravidez Falso positivo
Pregnancy test positive,Teste de gravidez positivo
Prehypertension,Pre -hipertensão
Premature baby,Bebê prematuro
Premature delivery,Entrega prematura
Premature ejaculation,Ejaculação prematura
Premature labour,Trabalho prematuro
Premature menopause,Menopausa prematura
Premature rupture of membranes,Ruptura prematura de membranas
Premature separation of placenta,Separação prematura de placenta
Premenstrual syndrome,Síndrome pré -menstrual
Premenstrual tension,Tensão pré -menstrual
Presbyopia,Presbiopia
Pressure of speech,Pressão da fala
Presyncope,Pré -síncope
Priapism,Priapismo
Primary graft dysfunction,Disfunção do enxerto primário
Primary hypothyroidism,Hipotireoidismo primário
Primary pulmonary hypertension,Hipertensão pulmonar primária
Prinzmetal angina,Angina de Prinzmetal
Proarrhythmia,Proarrithythmia
Proarrhythmic effect,Efeito pró -prítmico
Procedural complication,Complicação processual
Procedural haemorrhage,Hemorragia processual
Procedural hypertension,Hipertensão processual
Procedural hypotension,Hipotensão processual
Procedural nausea,Náusea processual
Procedural pain,Dor processual
Procedural site reaction,Reação do local processual
Proctalgia,Proctalgia
Proctitis,Proctite
Proctitis herpes,Proctite herpes
Proctitis ulcerative,Proctite ulcerativa
Proctocolitis,Proctocolite
Product taste abnormal,Profolo do gosto anormal
Productive cough,Tosse produtiva
Progesterone,Progesterona
Progesterone levels,Níveis de progesterona
Progressive multifocal leukoencephalopathy,Leucoencefalopatia multifocal progressiva
Progressive renal failure,Insuficiência renal progressiva
Prolactinoma,Prolactinoma
Prolonged labour,Trabalho prolongado
Prolonged menses,Menstruação prolongada
Prostate cancer,Câncer de próstata
Prostate cancer metastatic,Câncer de próstata Metastático
Prostate carcinoma,Carcinoma da próstata
Prostate examination abnormal,Exame de próstata anormal
Prostate induration,Induração da próstata
Prostate infection,Infecção por próstata
Prostatic acid phosphatase increased,A fosfatase ácida prostática aumentou
Prostatic adenoma,Adenoma prostático
Prostatic disorder,Transtorno prostático
Prostatic dysplasia,Displasia prostática
Prostatic hypertrophy,Hipertrofia prostática
Prostatic intraepithelial neoplasia,Neoplasia intraepitelial prostática
Prostatic pain,Dor prostática
Prostatic specific antigen increased,Antígeno específico da prostática aumentou
Prostatism,Prostatismo
Prostatitis,Prostatite
Prostatomegaly,Prostatomegalia
Prosthetic cardiac valve thrombosis,Trombose da válvula cardíaca protética
Prostration,Prostração
Protein C deficiency,Deficiência de proteína C.
Protein allergy,Alergia a proteínas
Protein total decreased,A proteína total diminuiu
Protein urine present,Urina da proteína presente
Protein-losing gastroenteropathy,Gastroenteropatia por perda de proteínas
Proteinuria,Proteinúria
Prothrombin level abnormal,Protrombina no nível anormal
Prothrombin level decreased,O nível de protrombina diminuiu
Prothrombin level increased,O nível de protrombina aumentou
Prothrombin time abnormal,Protrombina tempo anormal
Prothrombin time ratio,Protrombina de tempo
Prothrombin time shortened,O tempo de protrombina diminuiu
Protrusion tongue,Língua de protrusão
Proximal myopathy,Miopatia proximal
Proximal renal tubular acidosis,Acidose tubular renal proximal
Prurigo,PRURIGO
Pruritus,Prurido
Pruritus NEC,Prurido nec
Pruritus generalised,Prurido generalizado
Pruritus genital,Prurido genital
Pruritus vulvae,Prurido vulvae
Pseudo-Bartter syndrome,Síndrome do pseudo-bastão
Pseudocholinesterase deficiency,Deficiência de pseudocolinesterase
Pseudodementia,Pseudodementia
Pseudofolliculitis barbae,Pseudofolliculite barbae
Pseudohyperkalaemia,Pseudohyperkalemia
Pseudolymphoma,Pseudolinfoma
Pseudomembranous colitis,Colite pseudomembranosa
Pseudomembranous enterocolitis,Enterocolite pseudomembranosa
Pseudomonal sepsis,Sepse pseudomonal
Pseudomonas infection,Infecção por Pseudomonas
Pseudomononucleosis,Pseudomonucleose
Pseudoparkinsonism,Pseudoparkinsonism
Pseudoporphyria,Pseudoporfirria
Pseudotumor,Pseudotumor
Psoriasis,Psoríase
Psoriasis flare-up,Psoríase Flare-up
Psoriatic arthropathy,Artropatia psoriática
Psoriatic plaque,Placa psoriática
Psychiatric decompensation,Descompensação psiquiátrica
Psychiatric evaluation abnormal,Avaliação psiquiátrica anormal
Psychiatric symptom,Sintoma psiquiátrico
Psychic disturbance,Perturbação psíquica
Psychomotor retardation,Retardo psicomotor
Psychomotor skills impaired,Habilidades psicomotoras prejudicadas
Psychosexual disorder,Transtorno psicossexual
Psychosis depressive,Psicose depressiva
Psychosomatic disease,Doença psicossomática
Psychotic behaviour,Comportamento psicótico
Psychotic depression,Depressão psicótica
Psychotic disorder,Transtorno psicótico
Psychotic episode,Episódio psicótico
Psychotic state,Estado psicótico
Pterygium,Pterygium
Puberty,Puberdade
Puerperal pyrexia,Pirexia puerperal
Pulmonary alveolar haemorrhage,Hemorragia alveolar pulmonar
Pulmonary alveolitis,Alveolite pulmonar
Pulmonary arterial hypertension,Hipertensão arterial pulmonar
Pulmonary congestion,Congestão pulmonar
Pulmonary embolism,Embolia pulmonar
Pulmonary eosinophilia,Eosinofilia pulmonar
Pulmonary fibrosis,Fibrose pulmonar
Pulmonary function test abnormal,Teste de função pulmonar anormal
Pulmonary function test decreased,O teste de função pulmonar diminuiu
Pulmonary granuloma,Granuloma pulmonar
Pulmonary haemorrhage,Hemorragia pulmonar
Pulmonary hypertension,Hipertensão pulmonar
Pulmonary hypoplasia,Hipoplasia pulmonar
Pulmonary infarction,Infarto pulmonar
Pulmonary lymphoma,Linfoma pulmonar
Pulmonary mass,Massa pulmonar
Pulmonary microemboli,Microemboli pulmonar
Pulmonary oedema,Edema pulmonar
Pulmonary oil microembolism,Microembolismo de óleo pulmonar
Pulmonary ossification,Ossificação pulmonar
Pulmonary thromboembolism,Tromboembolismo pulmonar
Pulmonary thrombosis,Trombose pulmonar
Pulmonary toxicity,Toxicidade pulmonar
Pulmonary valve incompetence,Incompetência da válvula pulmonar
Pulmonary vasculitis,Vasculite pulmonar
Pulmonary veno-occlusive disease,Doença veno-oclusiva pulmonar
Pulpitis dental,Pulpite Dental
Pulse abnormal,Pulso anormal
Pulse absent,Pulso ausente
Pulse irregular,Pulse irregular
Pulse pressure decreased,A pressão do pulso diminuiu
Pulse rate decrease marked,Diminuição da taxa de pulso marcada
Pulseless electrical activity,Atividade elétrica sem pulso
Punctate epithelial erosion,Erosão epitelial pontuada
Punctate keratitis,Ceratite pontuada
Puncture site haemorrhage,Hemorragia no local da punção
Puncture site pain,Dor no local da punção
Puncture site reaction,Reação do local da punção
Punding,Fuga
Pupillary deformity,Deformidade pupilar
Pupillary disorder,Transtorno pupilar
Pupillary reflex impaired,Reflexo pupilar prejudicou
Pupils pinpoint,Os alunos identificam
Pupils unequal,Alunos desiguais
Purine metabolism disorder,Transtorno do metabolismo da purina
Purple glove syndrome,Síndrome da luva roxa
Purple toes syndrome,Síndrome dos dedos roxos
Purpura,Purpura
Purpura fulminans,Purpura Fulminans
Purpura non-thrombocytopenic,Purpura não trombocitopênico
Purpura senile,Purpura senil
Purpuric rash,Erupção cutânea purpurica
Pustular psoriasis,Psoríase pustular
Pustule,Pústula
Pyelitis,Pielite
Pyelonephritis,Pielonefrite
Pyelonephritis acute,Pielonefrite aguda
Pyelonephritis chronic,Pielonefrite crônica
Pyloric stenosis,Estenose pilórica
Pyoderma,Pyoderma
Pyoderma gangrenosum,Pyoderma gangenaSum
Pyogenic granuloma,Granuloma piogênico
Pyometra,Pyometra
Pyramidal tract syndrome,Síndrome do trato piramidal
Pyridoxine deficiency,Deficiência de piridoxina
Pyuria,Pyuria
QRS axis abnormal,QRS eixo anormal
QRS complex,Qrs complexo
QRS voltage decreased,A tensão do QRS diminuiu
Quadriparesis,Quadiaresia
Quadriplegia,Quadriplegia
Radial nerve palsy,Paralisia do nervo radial
Radiation injury,Lesão por radiação
Radiation myelopathy,Mielopatia de radiação
Radiation oesophagitis,Radiação esofagite
Radiation pneumonitis,Pneumonite por radiação
Radiation recall reaction (dermatologic),Reação de recall de radiação (dermatológica)
Radiation recall syndrome,Síndrome de recall de radiação
Radiation skin injury,Radiação lesão na pele
Radicular pain,Dor radicular
Radiculitis,Radiculite
Radiculopathy,Radiculopatia
Radius fracture,Fratura do raio
Rage,Raiva
Raised liver function tests,Testes de função hepática elevados
Raised serum lipid levels,Níveis lipídicos séricos elevados
Raised serum uric acid,Ácido úrico sérico elevado
Rales,Rales
Rash,Irritação na pele
Rash both legs,Erupção cutânea as duas pernas
Rash bullous,Rash bolhoso
Rash erythematous,Rash erytematosa
Rash follicular,Erupção cutânea folicular
Rash generalised,Rash generalizado
Rash macular,Rash macular
Rash maculo-papular,Rash Maculo-Papular
Rash morbilliform,Rash morbilliform
Rash mouth,Boca precipitada
Rash papular,Rash papular
Rash pemphigoid,PEMFIGOIDO RASH
Rash psoriaform,Rash psoriaform
Rash pustular,Rash pustular
Rash recurrent,Rash recorrente
Rash scaly,Rash escamosa
Rash scarlatiniform,Rash Scarlatiniform
Rash vesicular,Erupção cutânea vesicular
Raynaud's disease,Doença de Raynaud
Raynaud's phenomenon,Fenômeno de Raynaud
Raynaud-like disorder,Transtorno do tipo Raynaud
Reaction aggravation,Agravamento da reação
Reaction febrile,Reação febril
Reaction gastrointestinal,Reação gastrointestinal
Reaction to drug excipients,Reação a excipientes de drogas
Rebound effect,Efeito de rebote
Rebound hypertension,Hipertensão rebote
Recall phenomenon,Lembre -se do fenômeno
Rectal abscess,Abscesso retal
Rectal cancer,Câncer retal
Rectal cramps,Cólicas retais
Rectal discharge,Descarga retal
Rectal disorder,Transtorno retal
Rectal fistula,Fístula retal
Rectal haemorrhage,Hemorragia retal
Rectal mass,Massa retal
Rectal polyp,Pólipo retal
Rectal prolapse,Prolapso retal
Rectal spasm,Espasmo retal
Rectal tenesmus,Tenesmus retal
Rectal ulcer,Úlcera retal
Rectocele,Retocele
Recurrence of neuromuscular blockade,Recorrência do bloqueio neuromuscular
Recurrent infection,Infecção recorrente
Recurrent pulmonary embolism,Embolia pulmonar recorrente
Red blood cell abnormality,Anormalidade do glóbulo vermelho
Red blood cell count decreased,A contagem de glóbulos vermelhos diminuiu
Red blood cell count increased,A contagem de glóbulos vermelhos aumentou
Red blood cell disorders,Distúrbios de glóbulos vermelhos
Red blood cell sedimentation rate increased,A taxa de sedimentação dos glóbulos vermelhos aumentou
Red blood cells semen positive,Sêmen do sangue vermelho positivo
Red blotches,Manchas vermelhas
Red cell aplasia,Aplasia de células vermelhas
Red cell distribution width increased,A largura da distribuição de óculos vermelhos aumentou
Red man syndrome,Síndrome do homem vermelho
Red neck,Pescoço vermelho
Redness,Vermelhidão
Redness gum,Chiclete de vermelhidão
Redness of face,Vermelhidão do rosto
Reflex bradycardia,Bradicardia reflexa
Reflex sympathetic dystrophy,Distrofia simpática do reflexo
Reflex tachycardia,Taquicardia reflexa
Reflexes abnormal,Reflexos anormais
Reflux esophagitis,Esofagite de refluxo
Reflux gastritis,Gastrite do refluxo
Refraction disorder,Transtorno da refração
Refractory anaemia with an excess of blasts,Anemia refratária com excesso de explosões
Refractory anemia,Anemia refratária
Refractory anemia with excess blasts in transformation,Anemia refratária com excesso de explosões em transformação
Refractory cytopenia with unilineage dysplasia,Citopenia refratária com displasia de unilinagem
Refractory hypertension,Hipertensão refratária
Regurgitation,Regurgitação
Regurgitation of food,Regurgitação de alimentos
Relapsing fever,Febre recorrente
Renal abscess,Abscesso renal
Renal agenesis,Agenesia renal
Renal aplasia,Aplasia renal
Renal artery stenosis,Estenose da artéria renal
Renal artery thrombosis,Trombose da artéria renal
Renal cancer,Câncer renal
Renal cell carcinoma,Carcinoma de células renais
Renal colic,Cólica renal
Renal cortical necrosis,Necrose cortical renal
Renal cyst,Cisto renal
Renal dysgenesis,Disgenesia renal
Renal failure,Insuficiência renal
Renal failure acute,Insuficiência renal aguda
Renal failure aggravated,Insuficiência renal agravada
Renal failure chronic,Insuficiência renal crônica
Renal function test abnormal,Teste de função renal anormal
Renal graft loss,Perda de enxerto renal
Renal haemorrhage,Hemorragia renal
Renal impairment,Comprometimento renal
Renal infarct,Infarct renal
Renal insufficiency aggravated,Insuficiência renal agravada
Renal mass,Massa renal
Renal neoplasm,Neoplasia renal
Renal pain,Dor renal
Renal papillary necrosis,Necrose papilar renal
Renal rickets,Renal de raquitistas
Renal tubular acidosis,Acidose tubular renal
Renal tubular disorder,Transtorno tubular renal
Renal tubular necrosis,Necrose tubular renal
Renal vasculitis,Vasculite renal
Renal vein thrombosis,Trombose da veia renal
Renovascular hypertension,Hipertensão renovascular
Reperfusion injury,Lesão por reperfusão
Repetitive speech,Discurso repetitivo
Repetitive strain injury,Lesão repetitiva de tensão
Reproductive system haemorrhages,Hemorragias do sistema reprodutivo
Reproductive toxicity,Toxicidade reprodutiva
Reproductive tract disorder,Transtorno do trato reprodutivo
Residual urine volume,Volume de urina residual
Respiration abnormal,Respiração anormal
Respiration irregularity,Irregularidade da respiração
Respiratory acidosis,Acidose respiratória
Respiratory alkalosis,Alcalose respiratória
Respiratory arrest,Parada respiratória
Respiratory depression,Depressão respiratória
Respiratory depth increased,A profundidade respiratória aumentou
Respiratory disorder,Transtorno respiratório
Respiratory disorder neonatal,Transtorno respiratório neonatal
Respiratory disorders NEC,Distúrbios respiratórios NEC
Respiratory distress,Sofrimento respiratório
Respiratory distress syndrome,Síndrome do desconforto respiratório
Respiratory failure,Insuficiência respiratória
Respiratory failure aggravated,Insuficiência respiratória agravada
Respiratory insufficiency,Insuficiência respiratória
Respiratory moniliasis,Monilíase respiratória
Respiratory paralysis,Paralisia respiratória
Respiratory rate decreased,A frequência respiratória diminuiu
Respiratory sighs,Suspiros respiratórios
Respiratory sounds decreased,Os sons respiratórios diminuíram
Respiratory syncytial virus infection,Infecção por vírus sincicial respiratório
Respiratory tract congestion,Congestão do trato respiratório
Respiratory tract haemorrhage,Hemorragia do trato respiratório
Respiratory tract infection,Infecção do trato respiratório
Respiratory tract infection viral,Infecção do trato respiratório viral
Respiratory tract oedema,Edema do trato respiratório
Restless legs syndrome,Síndrome das pernas inquietas
Restlessness aggravated,Inquietação agravada
Restrictive cardiomyopathy,Cardiomiopatia restritiva
Retained placenta,Placenta retida
Retained placenta or membranes,Placenta ou membranas retidas
Retching,Vocando
Retching reflex decreased,O reflexo de vantagem diminuiu
Reticulocytopenia,Reticulocitopenia
Reticulocytosis,Reticulocitose
Reticuloendothelial system stimulated,O sistema reticuloendotelial estimulou
Reticuloendotheliosis,Reticuloendoteliose
Retinal aneurysm,Aneurisma da retina
Retinal artery occlusion,Oclusão da artéria da retina
Retinal atrophy,Atrofia da retina
Retinal damage,Dano da retina
Retinal degeneration,Degeneração da retina
Retinal depigmentation,Despigmentação da retina
Retinal deposits,Depósitos de retina
Retinal detachment,Destacamento da retina
Retinal disorder,Transtorno da retina
Retinal exudates,Exsudatos da retina
Retinal haemorrhage,Hemorragia da retina
Retinal injury,Lesão da retina
Retinal ischaemia,Isquemia retiniana
Retinal oedema,Edema da retina
Retinal pigment epithelial tear,Lágrima epitelial de pigmentos da retina
Retinal pigmentation,Pigmentação da retina
Retinal scar,Cicatriz da retina
Retinal tear,Rasgo da retina
Retinal toxicity,Toxicidade da retina
Retinal vascular disorder,Transtorno vascular da retina
Retinal vascular occlusion,Oclusão vascular da retina
Retinal vascular thrombosis,Trombose vascular da retina
Retinal vein occlusion,Oclusão da veia da retina
Retinal vein thrombosis,Trombose da veia da retina
Retinitis,Retinite
Retinogram abnormal,Retinograma anormal
Retinoic acid syndrome,Síndrome do ácido retinóico
Retinopathy of prematurity,Retinopatia da prematuridade
Retinopathy proliferative,Proliferativa da retinopatia
Retrograde amnesia,Amnésia retrógrada
Retrograde ejaculation,Ejaculação retrógrada
Retroperitoneal fibrosis,Fibrose retroperitoneal
Retroperitoneal haematoma,Hematoma retroperitoneal
Retroperitoneal haemorrhage,Hemorragia retroperitoneal
Retrosternal discomfort,Desconforto retrosternal
Retrosternal pain,Dor retrosternal
Reversible cerebral vasoconstriction syndrome,Síndrome de vasoconstrição cerebral reversível
Reversible ischaemic neurological deficit,Déficit neurológico isquêmico reversível
Reye's syndrome,Síndrome de Reye
Rhabdomyolysis,Rabdomiólise
Rheumatic disorder,Transtorno reumático
Rheumatism,Reumatismo
Rheumatoid arthritis,Artrite reumatoide
Rheumatoid arthritis aggravated,Artrite reumatóide agravada
Rhinalgia,Rhinalgia
Rhinitis,Rinite
Rhinitis allergic,Rinite alérgica
Rhinitis atrophic,Rinite atrófica
Rhinitis perennial,Rinite perene
Rhinitis seasonal,Rinite sazonal
Rhinitis ulcerative,Rinite ulcerativa
Rhinorrhoea,Rinorreia
Rhonchi,Rhonchi
Rhythm idioventricular,Ritmo idioventricular
Rib fracture,Fratura de costela
Rib pain,Dor nas costelas
Rickets,Raquitismo
Right upper quadrant pain,Dor no quadrante superior direito
Right ventricular failure,Falha do ventrículo direito
Rigors,Rigors
Risus sardonicus,Risus sardonicus
Road traffic accident,Acidente de trânsito
Rosacea,Rosácea
Rotator cuff syndrome,Síndrome do manguito rotador
Rubber sensitivity,Sensibilidade de borracha
ST segment elevation myocardial infarction,Infarto do miocárdio de elevação do segmento ST
Sacroiliitis,Sacroiliite
Saliva altered,Saliva alterada
Salivary duct obstruction,Obstrução do duto salivar
Salivary gland conditions,Condições da glândula salivar
Salivary gland disorder,Transtorno da glândula salivar
Salivary gland enlargement,Aumentação da glândula salivar
Salivary gland pain,Dor da glândula salivar
Salivary gland swelling,Inchaço da glândula salivar
Salivary hypersecretion,Hipersecreção salivar
Salivation,Salivação
Salmonella sepsis,Sepse de Salmonella
Salmonellosis,Salmonelose
Salpingitis,Salpingite
Sarcoidosis,Sarcoidose
Sarcoma,Sarcoma
Sarcoma uterus,Sarcoma Uterus
Scab,Crosta
Scald,Escaldagem
Scar,Cicatriz
Scar pain,Dor de cicatriz
Schizoaffective disorder,Transtorno esquizoafetivo
Schizophrenia,Esquizofrenia
Schizophrenic reaction,Reação esquizofrênica
Schizophreniform disorder,Transtorno esquizofreniforme
Sciatica,Ciática
Scintillating scotoma,Scotoma cintilante
Scleral discolouration,Descoloração escleral
Scleral disorder,Transtorno escleral
Scleral haemorrhage,Hemorragia escleral
Scleral hyperaemia,Hiperemia escleral
Scleral icterus,Icterus escleral
Scleral pigmentation,Pigmentação escleral
Scleral thinning,Afinamento escleral
Scleritis,Esclerite
Scleroderma,Scleroderma
Scleromalacia,Scleromalacia
Sclerosing encapsulating peritonitis,Esclerosante encapsulando a peritonite
Scoliosis,Escoliose
Scotoma,Scotoma
Scotoma annular,Scotoma anular
Scotoma of blind spot area,Scotoma da área de ponto cego
Scratch,Arranhar
Screaming,Gritando
Scrotal disorder,Transtorno escrotal
Scrotal erythema,Eritema escrotal
Scrotal oedema,Edema escrotal
Scrotal pain,Dor escrotal
Scrotal swelling,Inchaço escrotal
Scrotal ulcer,Úlcera escrotal
Seasonal allergy,Alergia sazonal
Sebaceous gland disorder,Transtorno da glândula sebácea
Sebaceous hyperplasia,Hiperplasia sebácea
Seborrhoeic dermatitis,Dermatite seborróia
Seborrhoeic keratosis,Ceratose seborróia
Secondary adrenal insufficiency,Insuficiência adrenal secundária
Secondary adrenocortical insufficiency,Insuficiência adrenocortical secundária
Secondary anemia,Anemia secundária
Secondary hypertension,Hipertensão secundária
Secondary hypogonadism,Hipogonadismo secundário
Secondary infection,Infecção secundária
Secondary parkinsonism,Parkinsonismo secundário
Secondary syphilis,Sífilis secundária
Sedation,Sedação
Seizure cerebral,Crisme cerebral
Self injurious behaviour,Comportamento auto -prejudicial
Self mutilation,Auto -mutilação
Self-injurious ideation,Ideação auto-prejudicial
Semen abnormal,Sêmen anormal
Semen analysis abnormal,Análise de sêmen anormal
Semen volume decreased,O volume de sêmen diminuiu
Senile ankylosing vertebral hyperostosis,Hiperostose vertebral anquilosante senil
Sensation of blood flow,Sensação de fluxo sanguíneo
Sensation of foreign body,Sensação de corpo estranho
Sensation of heat,Sensação de calor
Sensation of heaviness,Sensação de peso
Sensation of pressure,Sensação de pressão
Sensation of warmth,Sensação de calor
Sense of oppression,Senso de opressão
Sensitisation,Sensibilização
Sensitivity of teeth,Sensibilidade dos dentes
Sensorimotor disorder,Transtorno sensório -motor
Sensory ataxia,Ataxia sensorial
Sensory disturbance,Perturbação sensorial
Sensory loss,Perda sensorial
Separation,Separação
Sepsis,Sepse
Sepsis neonatal,Sepse Neonatal
Sepsis secondary,Sepse secundária
Septic arthritis streptobacillus,Artrite séptica Streptobacillus
Septic shock,Choque séptico
Septicemia,Septicemia
Seroma,Seroma
Serositis,Serosite
Serotonin syndrome,Síndrome da serotonina
Serous retinal detachment,Destacamento de retina serosa
Serum albumin decreased,A albumina de soro diminuiu
Serum amylase increased,A amilase sérica aumentou
Serum bicarbonate increased,O bicarbonato sérico aumentou
Serum bilirubin increased,A bilirrubina sérica aumentou
Serum calcium decreased,O cálcio sérico diminuiu
Serum calcium increased,O cálcio sérico aumentou
Serum creatinine abnormal,Creatinina sérica anormal
Serum creatinine decreased,A creatinina sérica diminuiu
Serum creatinine increased,A creatinina sérica aumentou
Serum ferritin decreased,A ferritina sérica diminuiu
Serum ferritin increased,A ferritina sérica aumentou
Serum gastrin increased,A gastrina sérica aumentou
Serum iron decreased,O ferro sérico diminuiu
Serum iron increased,O ferro sérico aumentou
Serum osmolality increased,A osmolalidade sérica aumentou
Serum phosphate increased,O fosfato sérico aumentou
Serum potassium abnormal,Potássio sérico anormal
Serum potassium decreased,O potássio sérico diminuiu
Serum potassium increased,O potássio sérico aumentou
Serum prolactin decreased,A prolactina sérica diminuiu
Serum prolactin increased,A prolactina sérica aumentou
Serum sickness,Doença sérica
Serum sickness-like reaction,Reação do tipo sérico
Serum sodium abnormal,Sérico de sódio anormal
Serum testosterone decreased,A testosterona sérica diminuiu
Serum testosterone increased,A testosterona sérica aumentou
Serum total protein decreased,A proteína total sérica diminuiu
Serum transaminase increased,A transaminase sérica aumentou
Serum triglycerides increased,Os triglicerídeos séricos aumentaram
Serum urea increased,A uréia sérica aumentou
Severe acute respiratory syndrome,Síndrome respiratória aguda grave
Sexual desire disorders,Distúrbios do desejo sexual
Sexual dysfunction,Disfunção sexual
Sexually active,Sexualmente ativo
Sexually transmitted disease,Doença sexualmente transmissível
Shakiness,Instável
Shallow breathing,Respiração superficial
Shift to the left,Mudar para a esquerda
Shivering,Tremendo
Shock,Choque
Shock haemorrhagic,Choque hemorrágico
Shock hypoglycaemic,Hipoglicêmico de choque
Shock insulin,Insulina de choque
Short period,Curto período
Short-term memory loss,Perda de memória de curto prazo
Shortened cervix,Colo do útero
Shoulder pain,Dor no ombro
Shunt thrombosis,Trombose de derivação
Shutdown renal,Desligamento renal
Sialoadenitis,Sialoadenite
Sick sinus syndrome,Síndrome do seio doente
Sickle cell anaemia,Anemia das células falciformes
Sickle cell anaemia with crisis,Anemia falciforme com crise
Sickness,Doença
Sideroblastic anaemia,Anemia sideroblástica
Single umbilical artery,Artéria umbilical única
Sinoatrial block,Bloco Sinoatrial
Sinoatrial node dysfunction,Disfunção do nó sinoatrial
Sinobronchitis,Sinobronquite
Sinus arrest,Prisão sinusal
Sinus arrhythmia,Arritmia sinusal
Sinus bradycardia,Bradicardia sinusal
Sinus congestion,Congestão sinusal
Sinus disorder,Transtorno do seio
Sinus headache,Dor de cabeça sinusal
Sinus operation,Operação sinusal
Sinus pain,Dor no seio
Sinus rhythm,Ritmo sinusal
Sinus tachycardia,Taquicardia sinusal
Sinusitis,Sinusite
Sinusitis bacterial,Sinusite bacteriana
Sjogren's syndrome,Síndrome de Sjogren
Skeletal injury,Lesão esquelética
Skeletal muscle paralysis,Paralisia do músculo esquelético
Skin atrophy,Atrofia da pele
Skin bacterial infection,Infecção bacteriana da pele
Skin bleeding,Sangramento da pele
Skin breakdown,Quebra de pele
Skin burning sensation,Sensação de queima da pele
Skin cancer,Câncer de pele
Skin candida,Skin Candida
Skin carcinoma,Carcinoma da pele
Skin cold clammy,Pequena pecapilosa da pele
Skin depigmentation,Despigmentação da pele
Skin discolouration,Descoloração da pele
Skin discomfort,Desconforto da pele
Skin disorder,Transtorno da pele
Skin erosion,Erosão da pele
Skin exfoliation,Esfoliação da pele
Skin fibrosis,Fibrose da pele
Skin fissures,Fissuras da pele
Skin fragility,Fragilidade da pele
Skin haemorrhage,Hemorragia da pele
Skin hyperpigmentation,Hiperpigmentação da pele
Skin hypertrophy,Hipertrofia da pele
Skin induration,Induração da pele
Skin infection,Infecção na pele
Skin irritation,Irritação na pele
Skin laceration,Laceração da pele
Skin lesion,Lesão da pele
Skin maceration,Maceração da pele
Skin mass,Massa de pele
Skin necrosis,Necrose da pele
Skin nodule,Nódulo de pele
Skin odour abnormal,Odor de pele anormal
Skin oedema,Edema de pele
Skin papilloma,Papiloma da pele
Skin reaction,Reação da pele
Skin scaly,Pele escamosa
Skin sensitisation,Sensibilização da pele
Skin striae,Estrias de pele
Skin swelling,Inchaço da pele
Skin tear,Rasgo de pele
Skin tenderness,Ternura da pele
Skin thickening,Espessamento da pele
Skin thinness,Magreza da pele
Skin tightness,Tensão na pele
Skin toxicity,Toxicidade da pele
Skin ulcer,Úlcera de pele
Skin warm,Pele quente
Skin wrinkling,Enruga da pele
Skin xerosis,Xerose da pele
Skipped beats,Saltados
Skull hypoplasia,Hipoplasia do crânio
Skull malformation,Malformação do crânio
Sleep apnoea syndrome,Síndrome da apneia do sono
Sleep attacks,Ataques de sono
Sleep disorder,Transtorno do sono
Sleep disturbance,Perturbação do sono
Sleep paralysis,Paralisia do sono
Sleep phase rhythm disturbance,Distúrbio do ritmo da fase do sono
Sleep talking,Sono conversando
Sleep terror,Terror de sono
Slipped femoral capital epiphysis,Epífise da capital femoral escorregada
Slough injection site,Local de injeção de Slough
Slow speech,Discurso lento
Sluggishness,Lentidão
Slurred speech,Discurso arrastado
Small bowel angioedema,Angioedema do intestino delgado
Small cell lung cancer,Câncer de pulmão de pequenas células
Small intestinal obstruction,Obstrução intestinal pequena
Small intestinal perforation,Perfuração intestinal pequena
Small intestine ulcer,Úlcera do intestino delgado
Smarting,Smarting
Smear cervix abnormal,Mancha de colo do útero anormal
Smear cervix normal,Mancha de colo do útero normal
Sneezing,Espirrando
Sneezing excessive,Espirrando excessivo
Snoring,Ronco
Social avoidant behaviour,Comportamento evitador social
Sodium decreased,O sódio diminuiu
Sodium high,Sódio alto
Soft stools,Bancos macios
Soft tissue disorder,Transtorno de tecidos moles
Soft tissue infection,Infecção por tecidos moles
Soft tissue inflammation,Inflamação de tecidos moles
Soft tissue injury,Lesão por tecidos moles
Soft tissue necrosis,Necrose de tecido mole
Solar dermatitis,Dermatite solar
Solar lentigo,Lentigo solar
Solid tumour,Tumor sólido
Somatic hallucination,Hallucinação somática
Somatoform disorder,Transtorno somatoformado
Somnambulism,Sonambulismo
Somnolence,Sonolência
Somnolence neonatal,Sonolência neonatal
Sore eye,Olho dolorido
Sore mouth,Boca dolorida
Sore nose,Nariz dolorido
Spasm biliary,Biliar de espasmo
Spasm of accommodation,Espasmo de acomodação
Spasm of sphincter of Oddi,Espasmo de esfíncter de ímpar
Spasmodic dysphonia,Disfonia espasmódica
Spastic paralysis,Paralisia espástica
Spastic paraparesis,Paraparesia espástica
Speech and language abnormalities,Anormalidades de fala e linguagem
Speech disorder,Transtorno da fala
Speech impairment NOS,Deficiência de fala nos
Speech loss,Perda de fala
Sperm concentration,Concentração de espermatozóides
Sperm concentration decreased,A concentração de esperma diminuiu
Sperm count decreased,A contagem de espermatozóides diminuiu
Spermatocele,Espermatocele
Spermatogenesis abnormal,Espermatogênese anormal
Spermatogenesis arrest,Praga de espermatogênese
Spermatozoa abnormal,Espermatozóides anormais
Sphincter of Oddi dysfunction,Esfíncter de disfunção ímpar
Spina bifida,Espinha bífida
Spina bifida occulta,Spina Bifida Occultta
Spinal anaesthesia,Anestesia da coluna vertebral
Spinal compression fracture,Fratura de compressão da coluna vertebral
Spinal cord compression,Compressão da medula espinhal
Spinal cord disorder,Transtorno da medula espinhal
Spinal cord haemorrhage,Hemorragia da medula espinhal
Spinal cord infarction,Infarto da medula espinhal
Spinal cord injury,Lesão na medula espinhal
Spinal cord paralysis,Paralisia da medula espinhal
Spinal disorder,Transtorno da coluna vertebral
Spinal epidural haematoma,Hematoma epidural da coluna vertebral
Spinal fracture,Fratura na coluna vertebral
Spinal haematoma,Hematoma da coluna vertebral
Spinal osteoarthritis,Osteoartrite espinhal
Spine malformation,Malformação da coluna
Spleen disorder,Transtorno do baço
Spleen palpable,Palpável do baço
Splenic infarction,Infarto esplênico
Splenic peliosis,Peliose esplênica
Splenic rupture,Ruptura esplênica
Splenic sequestration,Sequestro esplênico
Splenomegaly,Esplenomegalia
Splinter haemorrhages,Hemorragias de lascas
Splitting nails,Dividindo as unhas
Spondylitis,Espondilite
Spondyloarthropathy,Espondiloartropatia
Spondylosis,Espondilose
Spontaneous bruising,Hematomas espontâneos
Spontaneous haematoma,Hematoma espontâneo
Spontaneous penile erection,Ereção pênis espontânea
Sports injury,Lesão esportiva
Spots before eyes,Manchas antes dos olhos
Spotting menstrual,Spotting menstrual
Spotting vaginal,Spoting vaginal
Sprain,Entorse
Sprue,Sprue
Sputum discoloured,Espurro descolorido
Sputum increased,O escarro aumentou
Sputum purulent,Purulento do escarro
Squamous cell carcinoma,Carcinoma de células escamosas
Squamous cell carcinoma of lung,Carcinoma de células escamosas de pulmão
Squamous cell carcinoma of skin,Carcinoma de células escamosas
Staggering gait,Marcha impressionante
Staphylococcal bacteraemia,Bacteremia estafilocócica
Staphylococcal infection,Infecção estafilocócica
Staphylococcal scalded skin syndrome,Síndrome da pele escaldada estafilocócica
Staphylococcal skin infection,Infecção da pele estafilocócica
Staphylococcus aureus bacteremia,Bacteremia de Staphylococcus aureus
Stargardt's disease,Doença de Stargardt
Staring,Olhando fixamente
Status asthmaticus,Status asmaticus
Status epilepticus,Status epilepticus
Steatorrhoea,Steatorrheea
Stent occlusion,Oclusão de stent
Stereotypy,Estereotipia
Steroid acne,Acne esteróide
Steroid myopathy,Miopatia esteróide
Steroid psychosis,Psicose esteróide
Steroid withdrawal syndrome,Síndrome de retirada de esteróides
Stevens-Johnson syndrome,Síndrome de Stevens-Johnson
Sticky skin,Pele pegajosa
Stiff back,Costas duras
Stiffness,Rigidez
Stillbirth,Natimorto
Stinging,Picada
Stinging of nose,Picada do nariz
Stinging skin,Pele ardente
Stomach ache,Dor de estômago
Stomach cramps,Cólicas estomacais
Stomach dilation procedure,Procedimento de dilatação do estômago
Stomatitis,Estomatite
Stomatitis necrotising,Estomatite necrosante
Strabismus,Estrabismo
Strangulation,Estrangulamento
Strangury,Strangury
Streptobacillary fever,Febre estretobacilar
Streptococcal infection,Infecção estreptocócica
Streptococcal sepsis,Sepse estreptocócica
Stress,Estresse
Stress at work,Estresse no trabalho
Stress fracture,Fratura por estresse
Stress symptoms,Sintomas de estresse
Stridor,Stridor
Stridor inspiratory,Stridor inspiratório
Stroke volume increased,O volume do AVC aumentou
Strongyloidiasis,Strongiloidíase
Stupor,Estupor
Stuttering,Gagueira
Subacute bacterial endocarditis,Endocardite bacteriana subaguda
Subacute endocarditis,Endocardite subaguda
Subarachnoid haemorrhage,Hemorragia subaracnóidea
Subconjunctival cyst,Cisto subconjuntival
Subconjunctival hemorrhage,Hemorragia subconjuntival
Subcutaneous abscess,Abscesso subcutâneo
Subcutaneous bleeding,Sangramento subcutâneo
Subcutaneous haematoma,Hematoma subcutâneo
Subcutaneous nodule,Nódulo subcutâneo
Subdural effusion,Efusão subdural
Subdural haematoma,Hematoma subdural
Subepithelial opacities,Opacidades subepiteliais
Subglottic edema,Edema subglótico
Subileus,Subileus
Subjective visual disturbances,Distúrbios visuais subjetivos
Subluxation hip,Hip subluxation
Submandibular mass,Massa submandibular
Substance abuse,Abuso de substâncias
Substance-induced psychotic disorder,Transtorno psicótico induzido por substâncias
Sudden cardiac death,Morte cardíaca súbita
Sudden deafness,Surdez repentina
Sudden death,Morte súbita
"Sudden death, cause unknown","Morte súbita, causa desconhecida"
Sudden hearing loss,Perda auditiva repentina
Sudden infant death syndrome,Síndrome da morte repentina do bebê
Sudden onset of sleep,Início repentino de sono
Sudden unexplained death in epilepsy,Morte repentina inexplicável em epilepsia
Sudden visual loss,Perda visual repentina
Suicidal behaviour,Comportamento suicida
Suicidal ideation,Ideação suicida
Suicidal tendency,Tendência suicida
Suicide,Suicídio
Suicide attempt,Tentativa de suicídio
Sulphaemoglobinaemia,Sulphaemoglobineemia
Sunburn,Queimaduras solares
Sunken eyes,Olhos afundados
Superficial phlebothrombosis,Flebotrombose superficial
Superficial punctate keratopathy,Ceratopatia pontual superficial
Superficial thrombophlebitis of leg,Tromboflebite superficial da perna
Superinfection,Superinfecção
Superior sagittal sinus thrombosis,Trombose sinusal sagital superior
Superior vena cava syndrome,Síndrome superior da veia cava
Supernumerary nipple,Mamilo supranumerário
Supine hypotension,Hipotensão supina
Suppressed lactation,Lactação suprimida
Suprapubic pain,Dor suprapúbica
Supraventricular extrasystoles,Extravestóis supraventriculares
Supraventricular tachyarrhythmia,Taquiarritmia supraventricular
Supraventricular tachycardia,Taquicardia supraventricular
Surgery,Cirurgia
Surgical intervention,Intervenção cirúrgica
Surgical site reaction,Reação do local cirúrgico
Suspiciousness,Suspeita
Sustained ventricular tachycardia,Taquicardia ventricular sustentada
Suture related complication,Complicação relacionada à sutura
Sweat gland disorder,Transtorno da glândula suada
Sweat gland tumour,Tumor da glândula suada
Sweating,Suando
Sweating decreased,A suor diminuiu
Sweating increased,A transpiração aumentou
Swelling,Inchaço
Swelling face,Rosto inchado
Swelling of eyelid,Inchaço da pálpebra
Swelling of knees,Inchaço de joelhos
Swelling of legs,Inchaço das pernas
Swelling of limb,Inchaço do membro
Swollen arm,Braço inchado
Swollen tongue,Língua inchada
Sympathomimetic effect,Efeito simpatomimético
Symptomatic hyperlactatemia,Hiperlactatemia sintomática
Syncope,Síncope
Syncope vasovagal,Síncope Vasovagal
Syndactyly,Sindactilia
Syndrome Fanconi-like,Síndrome de Fanconi
Syndrome screaming,Síndrome gritando
Syndrome sicca,Síndrome Sicca
Synovial cyst,Cisto sinovial
Synovitis,Sinovite
Syphilis,Sífilis
Systemic allergic reaction,Reação alérgica sistêmica
Systemic candida,Candida sistêmica
Systemic inflammatory response syndrome,Síndrome de resposta inflamatória sistêmica
Systemic lupus erythematosus,Lúpus eritematoso sistêmico
Systemic lupus erythematosus rash,Lúpus eritematoso sistêmico erupção cutânea
Systemic mycosis,Micosis sistêmicos
Systolic ejection murmur,Murmur de ejeção sistólica
Systolic hypertension,Hipertensão sistólica
Systolic murmur,Murmur sistólico
T-cell lymphoma,Linfoma de células T.
TIBC,TIBC
Tachyarrhythmia,Taquyarrithythmia
Tachycardia,Taquicardia
Tachycardia foetal,Taquicardia fetal
Tachycardia nervous,Taquicardia nervosa
Tachyphylaxis,Taquifilaxia
Tachypnoea,Taquipneia
Talipes,Talipes
Talkativeness,Falatividade
Tandem gait test abnormal,Teste de marcha em tandem anormal
Tardive dyskinesia,Diskinesia tardia
Taste altered,Gosto alterado
Taste bitter,Gosto amargo
Taste disorders,Transtornos do gosto
Taste metallic,Gosto metálico
Taste peculiar,Gosto peculiar
Taste salty,Gosto salgado
Taste sour,Gosto azedo
Taste sweet,Prove doce
Tearfulness,Chorar
Tearing eyes,Olhos rasgando
Teeth clenching,Dentes apertando
Teething,Dentição
Teething pain,Dor dentada
Telangiectasia,Telangiectasia
Telangiectasis facial,Telangiectasis Facial
Telogen effluvium,Eflúvio telógeno
Temper tantrum,Birra de temperamento
Temperature intolerance,Intolerância à temperatura
Temperature regulation disorder,Transtorno da regulação da temperatura
Temporal arteritis,Arterite temporal
Temporal disorientation,Desorientação temporal
Temporomandibular joint syndrome,Síndrome da articulação temporomandibular
Tenderness,Ternura
Tendinous contracture,Contratura tendinosa
Tendon disorder,Transtorno do tendão
Tendon injury,Lesão do tendão
Tendon pain,Dor no tendão
Tendon reflex decreased,O reflexo do tendão diminuiu
Tendon rupture,Ruptura do tendão
Tendonitis,Tendinite
Tenosynovitis,Tenossinovite
Tension,Tensão
Tension headache,Dor de cabeça de tensão
Teratogenicity,Teratogenicidade
Terminal insomnia,Insônia terminal
Testicular atrophy,Atrofia testicular
Testicular disorder,Transtorno testicular
Testicular pain,Dor testicular
Testicular swelling,Inchaço testicular
Testis cancer,Testis Cancer
Testosterone low,Testosterona baixa
Tetanus,Tétano
Tetanus-like,Tipo de tétano
Tetany,Tetany
Tetrahydrobiopterin deficiency,Deficiência de tetra -hidrobiopterina
Therapeutic response decreased,A resposta terapêutica diminuiu
Therapeutic response increased,A resposta terapêutica aumentou
Therapeutic response unexpected,Resposta terapêutica inesperada
Therapy naive,Terapia ingênua
Thermal burn,Queimadura térmica
Thinking abnormal,Pensando anormal
Thirst,Sede
Thoracic vertebral fracture,Fratura vertebral torácica
Thought blocking,Bloqueio de pensamento
Thready pulse,Pulso de rosca
Throat irritation,Irritação na garganta
Throat sore,Garganta dolorida
Throat tightness,Aperto na garganta
Throbbing headache,Dor de cabeça latejante
Thrombocytopenia,Trombocitopenia
Thrombocytopenia aggravated,Trombocitopenia agravada
Thrombocytopenia toxic,Trombocitopenia tóxica
Thrombocytopenic purpura,Purpura trombocitopênica
Thrombocytosis,Trombocitose
Thromboembolic event,Evento tromboembólico
Thromboembolic stroke,AVC tromboembólico
Thromboembolism,Tromboembolismo
Thrombophilia,Trombofilia
Thrombophlebitis,Tromboflebite
Thrombophlebitis injection site,Local de injeção de tromboflebite
Thrombophlebitis leg deep,A perna de tromboflebite profundamente
Thrombophlebitis of the leg,Tromboflebite da perna
Thrombophlebitis superficial,Trombophlebitis superficial
Thromboplastin decreased,A tromboplastina diminuiu
Thrombosis,Trombose
Thrombosis in device,Trombose no dispositivo
Thrombosis leg,Perna de trombose
Thrombosis mesenteric vessel,Vaso mesentérico da trombose
Thrombotic microangiopathy,Microangiopatia trombótica
Thrombotic thrombocytopenic purpura,Purpura trombótica trombocitopênica
Thyroglobulin increased,A tireoglobulina aumentou
Thyroid adenoma,Adenoma da tireóide
Thyroid cancer,Câncer de tireóide
Thyroid carcinoma,Carcinoma da tireóide
Thyroid disorder,Transtorno da tireóide
Thyroid function abnormal,Função da tireóide anormal
Thyroid function test abnormal,Teste de função da tireóide anormal
Thyroid neoplasm,Neoplasia da tireóide
Thyroid nodule,Nódulo da Tireóide
Thyroiditis,Tireoidite
Thyrotoxic crisis,Crise tireotóxica
Thyrotoxicosis,Tireotoxicose
Thyrotropin high,Tirotropina alta
Thyrotropin low,Tireotropina baixa
Thyroxine decreased,A tiroxina diminuiu
Thyroxine free decreased,Livre de tiroxina diminuiu
Tibial torsion,Torção tibial
Tic,Tique
Tight foreskin,Prepúcio apertado
Tightness in jaw,Aperto na mandíbula
Tinea cruris,Tinea Cruris
Tinea infection,Infecção por tinea
Tinea pedis,Tinea pedis
Tinea versicolour,Tinea versicolour
Tingling of extremity,Formigamento da extremidade
Tingling sensation,Sensação de formigamento
Tingling skin,Skin formigling
Tinnitus,Zumbido
Tinnitus aggravated,Zumbido agravado
Tired and heavy,Cansado e pesado
Tobacco poisoning,Envenenamento por tabaco
Tobacco withdrawal symptoms,Sintomas de abstinência do tabaco
Toe walking,Andando de pé
Tolerance development,Desenvolvimento de tolerância
Tongue blistering,Língua empolgante
Tongue coated,Língua revestida
Tongue discolouration,Descoloração da língua
Tongue disorder,Transtorno da língua
Tongue dry,Língua seca
Tongue geographic,Língua Geográfica
Tongue hairy,Língua peluda
Tongue irritation,Irritação na língua
Tongue neoplasm,Neoplasia da língua
Tongue neoplasm malignant stage unspecified,Língua neoplasia estágio maligno não especificado
Tongue oedema,Edema da língua
Tongue paralysis,Paralisia da língua
Tongue pigmentation,Pigmentação da língua
Tongue spasm,Espasmo da língua
Tongue ulceration,Ulceração da língua
Tonic clonic movements,Movimentos clônicos tônicos
Tonic convulsion,Convulsão tônica
Tonic-clonic seizures,Crises tônicas-clônicas
Tonsillar disorder,Transtorno de tonsilares
Tonsillar hypertrophy,Hipertrofia tonsilar
Tonsillitis,Amidalite
Tooth abscess,Abscesso de dente
Tooth caries aggravated NOS,Cárie de dente nos agravados nos
Tooth discolouration,Descoloração dos dentes
Tooth disorder,Transtorno dentário
Tooth erosion,Erosão dentária
Tooth fracture,Fratura dentária
Tooth hypoplasia,Hipoplasia dentária
Tooth infection,Infecção dentária
Tooth injury,Lesão dentária
Tooth loss,Perda de dente
Tooth malformation,Malformação dentária
Toothache,Dor de dente
Torsade de pointes,Torsade de pondeses
Torsion of ovary,Torção do ovário
Torticollis,Torcicolo
Total spinal block,Bloco total da coluna vertebral
Tourette's disorder,Transtorno de Tourette
Toxic confusional state,Estado de confusão tóxica
Toxic dilatation of intestine,Dilatação tóxica do intestino
Toxic encephalopathy,Encefalopatia tóxica
Toxic epidermal necrolysis,Necrólise epidérmica tóxica
Toxic neuropathy,Neuropatia tóxica
Toxic pustuloderma,Pustuloderma tóxica
Toxic reaction (NOS),Reação tóxica (NOS)
Toxic shock syndrome,Síndrome de choque tóxico
Toxic skin eruption,Erupção tóxica da pele
Toxic symptom,Sintoma tóxico
Toxicity to various agents,Toxicidade para vários agentes
Toxoplasmosis,Toxoplasmose
Tracheal disorder,Transtorno traqueal
Tracheal fistula,Fístula traqueal
Tracheitis,Traqueíte
Tracheo-oesophageal fistula,Fístula traqueoesofágica
Tracheobronchitis,Traqueobronquite
Tracheostomy infection,Infecção por traqueostomia
Traffic accident,Acidente de trânsito
Tranquillisation excessive,Tranquilização excessiva
Transaminases decreased,As transaminases diminuíram
Transaminases increased,As transaminases aumentaram
Transaminitis,Transaminite
Transfusion reaction,Reação de transfusão
Transient cerebral ischemia,Isquemia cerebral transitória
Transient cerebrovascular events,Eventos cerebrovasculares transitórios
Transient global amnesia,Amnésia global transitória
Transient insomnia,Insônia transitória
Transient ischaemic attack,Ataque isquêmico transitório
Transplant failure,Falha de transplante
Transplant rejection,Rejeição de transplante
Transverse sinus thrombosis,Trombose do seio transversal
Trauma,Trauma
Traumatic arthropathy,Artropatia traumática
Traumatic fracture,Fratura traumática
Traumatic haematoma,Hematoma traumático
Traumatic haemorrhage,Hemorragia traumática
Traumatic liver injury,Lesão no fígado traumático
Traumatic lung injury,Lesão pulmonar traumática
Trembling,Tremendo
Tremor,Tremor
Tremor coarse,Tremor grosso
Tremor fine,Tremor bem
Tremor limb,Tremor membro
Tremor muscle,Tremor músculo
Tremor of hands,Tremor das mãos
Tremulousness,Trêmula
Treponema infections,Infecções por treponema
Trichomonal vaginitis,Vaginite tricomonal
Trichorrhexis,Trichorrhexis
Trichotillomania,Tricotilomania
Tricuspid valve incompetence,Incompetência da válvula tricuspídea
Trigeminal neuralgia,Neuralgia do trigêmeo
Trigger finger,Gatilho do dedo
Trismus,Trismus
Trisomy 18,Trisomia 18
Trisomy 21,Trisomia 21
Troponin I increased,Troponina I aumentava
Troponin increased,A troponina aumentou
Tubal pregnancy,Gravidez tubária
Tuberculin test positive,Teste de tuberculina positivo
Tuberculosis,Tuberculose
Tubulointerstitial nephritis,Nefrite tubulointersticial
Tumour cell mobilisation,Mobilização de células tumorais
Tumour compression,Compressão do tumor
Tumour flare,Flare tumoral
Tumour haemorrhage,Hemorragia tumoral
Tumour invasion,Invasão tumoral
Tumour lysis syndrome,Síndrome da lise tumoral
Tumour necrosis,Necrose tumoral
Tumour pain,Dor no tumor
Tunnel vision,Visão de túnel
Turner's syndrome,Síndrome de Turner
Tympanic membrane disorder,Transtorno da membrana timpânica
Tympanic membrane hyperaemia,Hiperemia da membrana timpânica
Tympanic membrane perforation,Perfuração da membrana timpânica
Type 1 diabetes mellitus,Diabetes mellitus tipo 1
Type 2 diabetes mellitus,Diabetes mellitus tipo 2
Type I hypersensitivity,Hipersensibilidade do tipo I.
Type III immune complex mediated reaction,Reação mediada por complexo imune tipo III
Type IIa hyperlipidaemia,Tipo IIA hiperlipidemia
Type IV hypersensitivity reaction,Reação de hipersensibilidade do tipo IV
Typhoid fever,Febre tifóide
Ulcer,Úlcera
Ulcer foot,Pé de úlcera
Ulcer haemorrhage,Ulcer Hemorragia
Ulcerative enterocolitis,Enterocolite ulcerosa
Ulcerative keratitis,Ceratite ulcerosa
Ulcerative stomatitis,Estomatite ulcerosa
Ulna fracture,Ulna fratura
Ultrasound breast abnormal,Ultrassom mamário anormal
Ultrasound ovary abnormal,Ovário de ultrassom anormal
Umbilical hernia,Hérnia umbilical
Unable to walk,Incapaz de andar
Uncontrolled hypertension,Hipertensão não controlada
Underweight,Underweight
Unexpected therapeutic effect,Efeito terapêutico inesperado
Unilateral vision loss,Perda de visão unilateral
Unintended pregnancy,Gravidez não intencional
Unresponsive to stimuli,Sem resposta a estímulos
Unresponsive to verbal stimuli,Que não responde a estímulos verbais
Unrest,Agitação
Unspecified circulatory system disorder,Transtorno do sistema circulatório não especificado
Unspecified condition originating in the perinatal period,Condição não especificada originária do período perinatal
"Unspecified congenital anomaly of brain, spinal cord, and nervous system","Anomalia congênita não especificada de cérebro, medula espinhal e sistema nervoso"
Unspecified disorder of autonomic nervous system,Transtorno não especificado do sistema nervoso autonômico
Unspecified disorder of intestine,Distúrbio não especificado do intestino
Unspecified disorder of skin and subcutaneous tissue,Transtorno não especificado da pele e tecido subcutâneo
Unspecified non-gonococcal urethritis (NGU),Uretrite não-gonocócica não especificada (NGU)
Unspecified visual loss,Perda visual não especificada
Unsteadiness,Instabilidade
Unsteady gait,Marcha instável
Unwanted awareness during anaesthesia,Consciência indesejada durante a anestesia
Unwell,Doente
Upper abdominal discomfort,Desconforto abdominal superior
Upper airway obstruction,Obstrução das vias aéreas superiores
Upper gastrointestinal haemorrhage,Hemorragia gastrointestinal superior
Upper gastrointestinal symptoms,Sintomas gastrointestinais superiores
Upper limb fracture,Fratura do membro superior
Upper limb oedema,Edema do membro superior
Upper motor neurone lesion,Lesão do neurônio motor superior
Upper respiratory tract congestion,Congestionamento
Upper respiratory tract infection,Infecção do trato respiratório superior
Upper respiratory tract inflammation,Inflamação do trato respiratório superior
Upper respiratory tract signs and symptoms,Sinais e sintomas do trato respiratório superior
Upper-airway cough syndrome,Síndrome da tosse no ar superior
Upset stomach,Dor de estômago
Uraemic syndrome,Síndrome uramic
Urate crystalluria,Urato cristalúria
Urate nephropathy,Urato nefropatia
Urea increased,Ureia aumentou
Uremia,Uremia
Ureteral spasm,Espasmo ureteral
Ureteric cancer,Câncer ureterico
Ureteric obstruction,Obstrução ureteria
Ureteritis,Ureterite
Ureterostomy site discomfort,Desconforto no local da ureterostomia
Urethral discharge,Descarga uretral
Urethral disorder,Transtorno uretral
Urethral haemorrhage,Hemorragia uretral
Urethral obstruction,Obstrução uretral
Urethral pain,Dor uretral
Urethral stenosis,Estenose uretral
Urethral syndrome,Síndrome uretral
Urethritis,Uretrite
Urethritis noninfective,Uretrite não infecciosa
Urge incontinence,Incontinência urgente
Uric acid abnormal,Ácido úrico anormal
Uric acid high,Ácido úrico alto
Uric acid increased,O ácido úrico aumentou
Uric acid level increased,O nível de ácido úrico aumentou
Uricaciduria,Uricacidúria
Urinary abnormalities,Anormalidades urinárias
Urinary bladder polyp,Pólipo da bexiga urinária
Urinary frequency aggravated,Frequência urinária agravada
Urinary hesitation,Hesitação urinária
Urinary incontinence,Incontinência urinária
Urinary protein increased,A proteína urinária aumentou
Urinary retention,Retenção urinária
Urinary sediment abnormal,Sedimentos urinários anormais
Urinary sediment present,Sedimentos urinários presentes
Urinary tract disorder,Transtorno do trato urinário
Urinary tract infection,Infecção do trato urinário
Urinary tract infection fungal,Fungo de infecção do trato urinário
Urinary tract obstruction,Obstrução do trato urinário
Urinary tract pain,Dor no trato urinário
Urinary tract signs and symptoms,Sinais e sintomas do trato urinário
Urination impaired,Urinar prejudicada
Urine abnormality,Anormalidade da urina
Urine analysis abnormal,Análise de urina anormal
Urine calcium increased,O cálcio da urina aumentou
Urine color abnormal,Cor da urina anormal
Urine drug screen positive,Tela de drogas de urina positiva
Urine electrolytes abnormal,Eletrólitos de urina anormais
Urine flow decreased,O fluxo de urina diminuiu
Urine ketone body present,Corpo de cetona de urina presente
Urine odour abnormal,Odor de urina anormal
Urine odour foul,Odor de urina
Urine output,Saída de urina
Urine output increased,A produção de urina aumentou
Urine phosphate increased,Fosfato de urina aumentou
Urine phosphorus increased,O fósforo de urina aumentou
Urine sodium increased,O sódio da urina aumentou
Urogenital disorder,Transtorno urogenital
Urogenital haemorrhage,Hemorragia urogenital
Urolithiasis,Urolitíase
Urosepsis,Urosepsia
Urticaria,Urticária
Urticaria chronic,Urticária crônica
Urticaria localised,Urticária localizada
Urticaria physical,Urticária física
Urticaria recurrent,Urticária recorrente
Urticaria vesiculosa,Urticária vesiculosa
Uterine atony,ATONY UTERINA
Uterine cancer,Câncer uterino
Uterine cervical erosion,Erosão cervical uterina
Uterine cervical lesion,Lesão cervical uterina
Uterine cervical squamous metaplasia,Metaplasia escamosa uterina
Uterine contractions,Contrações uterinas
Uterine contractions during pregnancy,Contrações uterinas durante a gravidez
Uterine cramps,Cólicas uterinas
Uterine cyst,Cisto uterino
Uterine disorder,Transtorno uterino
Uterine enlargement,Ampliação uterina
Uterine fibroids aggravated,Miomas uterinos agravados
Uterine fibroids enlarged,Miomas uterinos aumentados
Uterine haemorrhage,Hemorragia uterina
Uterine hypertonus,Hipertonus uterino
Uterine hypotonus,Hipotonus uterino
Uterine inflammation,Inflamação uterina
Uterine leiomyoma,Leiomioma uterino
Uterine mass,Massa uterina
Uterine neoplasm,Neoplasia uterina
Uterine pain,Dor uterina
Uterine perforation,Perfuração uterina
Uterine polyp,Pólipo uterino
Uterine prolapse,Prolapso uterino
Uterine rupture,Ruptura uterina
Uterine spasm,Espasmo uterino
Uterovaginal prolapse,Prolapso uterovaginal
Uveitis,Uveíte
VIIth nerve paralysis,Paralisia do nervo viith
VIth nerve paralysis,Vith paralisia do nervo
VT,Vt
Vaginal burning sensation,Sensação de queima vaginal
Vaginal contraceptive device expelled,Dispositivo contraceptivo vaginal expelido
Vaginal cyst,Cisto vaginal
Vaginal discharge,Descarga vaginal
Vaginal discomfort,Desconforto vaginal
Vaginal disorder,Transtorno vaginal
Vaginal dryness,Secura vaginal
Vaginal dysplasia,Displasia vaginal
Vaginal erosion,Erosão vaginal
Vaginal erythema,Eritema vaginal
Vaginal haemorrhage,Hemorragia vaginal
Vaginal infection,Infecção vaginal
Vaginal inflammation,Inflamação vaginal
Vaginal irritation,Irritação vaginal
Vaginal itching,Coceira vaginal
Vaginal moniliasis,Monilíase vaginal
Vaginal mucosal blistering,MUCOSA VAGINAL BLISEING
Vaginal mycosis,Micose vaginal
Vaginal neoplasm,Neoplasia vaginal
Vaginal odour,Odor vaginal
Vaginal pain,Dor vaginal
Vaginal prolapse,Prolapso vaginal
Vaginal swelling,Inchaço vaginal
Vaginal ulceration,Ulceração vaginal
Vaginal wall congestion,Congestão da parede vaginal
Vaginismus,Vaginismo
Vaginitis atrophic,Vaginite atrófica
Vaginitis bacterial,Vaginite bacteriana
Vaginitis ulcerative,Vaginite ulcerativa
Vagotonia,Vagotonia
Vanishing bile duct syndrome,Síndrome do ducto biliar desaparecido
Varicella,Varicela
Varicella zoster,Varicella Zoster
Varices oesophageal,Varizes esofágicos
Varicocele,Varicocele
Varicose vein,Varizes veias
Varicose veins vulval,VEIAS VAIAS VULTRAL
Variegate porphyria,Variegate Porphyria
Vascular anomaly,Anomalia vascular
Vascular calcification,Calcificação vascular
Vascular dementia,Demência vascular
Vascular graft occlusion,Oclusão vascular do enxerto
Vascular headache,Dor de cabeça vascular
Vascular hypertensive disorders,Distúrbios hipertensos vasculares
Vascular hypotensive disorders,Distúrbios hipotensos vasculares
Vascular insufficiency,Insuficiência vascular
Vascular occlusion,Oclusão vascular
Vascular pain,Dor vascular
Vascular pseudoaneurysm,Pseudoaneurisma vascular
Vascular purpura,Purpura vascular
Vascular resistance,Resistência vascular
Vascular resistance pulmonary increased,A resistência vascular pulmonar aumentou
Vascular resistance systemic,Resistência vascular sistêmica
Vascular rupture,Ruptura vascular
Vascular stenosis,Estenose vascular
Vasculitic rash,Erupção cutânea vasculítica
Vasculitis,Vasculite
Vasculitis cerebral,Vasculite cerebral
Vasculitis gastrointestinal,Vasculite gastrointestinal
Vasculitis necrotising,Vasculite necrosante
Vaso-occlusive crisis,Crise vaso-oclusiva
Vasoconstriction,Vasoconstrição
Vasoconstriction peripheral,Periférico vasoconstrição
Vasodilatation,Vasodilatação
Vasodilation,Vasodilatação
Vasodilation procedure,Procedimento de vasodilatação
Vasomotor collapse,Colapso vasomotor
Vasomotor rhinitis,Rinite vasomotora
Vasospasm,Vasoespasmo
Vasospasm cerebral,Vasoespasmo cerebral
Vasovagal symptoms,Sintomas vasovagais
Vegetative dystonia,Distonia vegetativa
Vein discolouration,Descoloração da veia
Vein disorder,Transtorno da veia
Vein distended,Veia distendida
Vein pain,Dor de veia
Vena cava thrombosis,Trombose da veia cava
Venipuncture site bruise,Hematomas no local da venocura
Venipuncture site hemorrhage,Hemorragia no local da venocura
Venomous bite,Mordida venenosa
Venoocclusive disease,Doença venoocclusiva
Venoocclusive liver disease,Doença hepática venoocclusiva
Venospasm,Venosespasmo
Venous insufficiency,Insuficiência venosa
Venous occlusion,Oclusão venosa
Venous pressure increased,A pressão venosa aumentou
Venous pressure jugular increased,Jugular de pressão venosa aumentou
Venous thromboembolism,Tromboembolismo venoso
Venous thrombosis,Trombose venosa
Venous thrombosis deep limb,Trombose venosa Limbo profundo
Venous thrombosis limb,Membro da trombose venosa
Ventilator associated pneumonia,Pneumonia associada ao ventilador
Ventricular arrhythmia,Arritmia ventricular
Ventricular bigeminy,BigMiny ventricular
Ventricular dysfunction,Disfunção ventricular
Ventricular extrasystoles,Extraystóis ventriculares
Ventricular failure,Falha ventricular
Ventricular fibrillation,Fibrilação ventricular
Ventricular flutter,Vibração ventricular
Ventricular hypertrophy,Hipertrofia ventricular
Ventricular hypokinesia,Hipocinesia ventricular
Ventricular septal defect,Defeito do septo ventricular
Ventricular tachycardia,Taquicardia ventricular
Vermiculation,Vermiculação
Vertebrobasilar insufficiency,Insuficiência vertebrobasilar
Vertical infection transmission,Transmissão de infecção vertical
Vertigo,Vertigem
Vertigo CNS origin,Origem do Vertigo CNS
Vertigo positional,Vertigem posicional
Vesiculobullous rash,Erupção cutânea vesiculobulosa
Vessel perforation,Perfuração do navio
Vessel puncture site bruise,Hematomas no local da punção de embarcações
Vessel puncture site haematoma,Hematoma do local da punção de embarcações
Vessel puncture site haemorrhage,Hemorragia
Vessel puncture site inflammation,Inflamação no local da punção de embarcações
Vestibular ataxia,Ataxia vestibular
Vestibular disorder,Transtorno vestibular
Vestibular neuronitis,Neuronite vestibular
Vestibular toxicity,Toxicidade vestibular
Violent,Violento
Violent behavior,Comportamento violento
Viraemia,Viremia
Viral diarrhoea,Diarréia viral
Viral infection,Infecção viral
Viral infections NEC,Infecções virais nec
Viral pharyngitis,Faringite viral
Viral skin infection,Infecção viral da pele
Viral syndrome,Síndrome viral
Viral upper respiratory tract infection,Infecção do trato respiratório superior viral
Virilism,Virilismo
Vision blurred,Visão borrada
Vision decreased,A visão diminuiu
Visual acuity reduced,A acuidade visual reduzida
Visual brightness,Brilho visual
Visual colour distortions,Distorções visuais de cores
Visual disturbance,Perturbação visual
Visual evoked potentials abnormal,Visual evocados potenciais anormais
Visual field constriction,Constrição de campo visual
Visual impairment,Deficiência visual
Vital dye staining cornea present,Córnea de coloração de corante vital presente
Vitamin B complex deficiency,Deficiência do complexo de vitamina B
Vitamin B12 absorption decreased,A absorção de vitamina B12 diminuiu
Vitamin B12 deficiency,Deficiência de vitamina B12
Vitamin B6 deficiency,Deficiência de vitamina B6
Vitamin E decreased,A vitamina E diminuiu
Vitamin K decreased,A vitamina K diminuiu
Vitamin K deficiency,Deficiência de vitamina K.
Vitiligo,Vitiligo
Vitreous detachment,Destacamento vítreo
Vitreous disorder,Transtorno vítreo
Vitreous floaters,Flutuadores vítreo
Vitreous haemorrhage,Hemorragia vítrea
Vitreous opacities,Opacidades vítreas
Vitreous prolapse,Prolapso vítreo
Vivid dreams,Sonhos vívidos
Vocal cord disorder,Transtorno do cordão vocal
Vocal cord paralysis,Paralisia do cordão vocal
Vocal cord paresis,Paresia do cordão vocal
Vocal tic,Tique vocal
Vogt-Koyanagi-Harada syndrome,Síndrome de Vogt-Koyanagi-Harada
Voice disturbance,Perturbação da voz
Volume blood increased,O sangue de volume aumentou
Volume plasma increased,O plasma de volume aumentou
Volvulus,Volvulus
Vomiting,Vomitando
Vomiting aggravated,Vomitando agravado
Vomiting neonatal,Vomitando neonatal
Vulva discomfort,Desconforto da vulva
Vulval abscess,Abscesso vulvalado
Vulval disorder,Transtorno vulvalado
Vulval erythema,Eritema vulvalado
Vulval ulceration,Ulceração vulvalada
Vulvitis,Vulvite
Vulvovaginal burning sensation,Sensação de queima vulvovaginal
Vulvovaginal candidiasis,Candidíase vulvovaginal
Vulvovaginal discomfort,Desconforto vulvovaginal
Vulvovaginal disorder,Transtorno vulvovaginal
Vulvovaginal dryness,Secura vulvovaginal
Vulvovaginal erythema,Eritema vulvovaginal
Vulvovaginal mycotic infection,Infecção micótica vulvovaginal
Vulvovaginal pain,Dor vulvovaginal
Vulvovaginal pruritus,Prurido vulvovaginal
Vulvovaginal swelling,Inchaço vulvovaginal
Vulvovaginitis,Vulvovaginite
Vulvovaginitis trichomonal,Vulvovaginite tricomonal
WBC abnormal NOS,NOS anormais do letaão normais
Waist circumference increased,A circunferência da cintura aumentou
Wakefulness,Vigília
Walking disability,Deficiência de caminhada
Wandering pacemaker,Marca -passo errante
Warm type haemolytic anaemia,Anemia hemolítica do tipo quente
Warmth,Cordialidade
Warts,Verrugas
Wasting generalized,Desperdiçando generalizado
Water intoxication,Intoxicação por água
Water retention,Retenção de água
Watery diarrhoea,Diarréia aquosa
Wave slowing,Lentidão da onda
Waxy flexibility,Flexibilidade cerosa
Wegener's granulomatosis,Granulomatose de Wegener
Weight decreased,O peso diminuiu
Weight fluctuation,Flutuação de peso
Weight gain poor,Peso ganha pobre
Weight increased,O peso aumentou
Welts,Vergões
Wenckebach phenomenon,Fenômeno de Wenckebach
Wernicke-Korsakoff syndrome,Síndrome de Wernicke-Korsakoff
Wheezing,Chiando
Wheezing expiratory,Via expiratório
Wheezing inspiratory,Wheezing Inspiratório
Whiplash injury,Lesão por chicote
White blood cell count abnormal,Contagem de glóbulos brancos anormais
White blood cell count decreased,A contagem de glóbulos brancos diminuiu
White blood cell count increased,A contagem de glóbulos brancos aumentou
White blood cell count low,Contagem de glóbulos brancos baixos
White blood cell disorder,Transtorno de glóbulos brancos
White blood cells urine positive,Glóbulos brancos urina positiva
White matter lesion,Lesão da substância branca
Wide complex tachycardia,Ampla taquicardia complexa
Withdrawal bleed,Retirada sangrar
Withdrawal emotional,Retirada emocional
Withdrawal hypertension,Hipertensão de retirada
Withdrawal seizures,Apreensões de retirada
Withdrawal symptom,Síndrome de abstinência
Withdrawal syndrome,Síndrome de retirada
Word finding difficulty,Dificuldade em encontrar palavras
Worry,Preocupar
Worsening of diabetes,Piora do diabetes
Wound,Ferimento
Wound complication,Complicação de feridas
Wound dehiscence,Deiscência da ferida
Wound discharge increased,A descarga de feridas aumentou
Wound haematoma,Hematoma da ferida
Wound haemorrhage,Hemorragia ferida
Wound healing normal,Cura de feridas Normal
Wound infection,Infecção por feridas
Wound secretion,Secreção de feridas
Wrist drop,Droga do pulso
Wrist fracture,Fratura no pulso
Writing impaired,Escrita prejudicada
X-linked lymphoproliferative syndrome,Síndrome linfoproliferativa ligada ao X.
Xanthoma,Xanthoma
Xanthomatosis,Xantomatose
Xanthopsia,Xanthopsia
Xeroderma,Xeroderma
Xerophthalmia,Xeroftalmia
Xerosis,Xerose
Yawning,Bocejando
Yeast infection,Infecção por fungos
Yellow nail syndrome,Síndrome de unhas amarelas
Yellow skin,Pele amarela
Zinc deficiency,Deficiência de zinco
Zollinger-Ellison syndrome,Síndrome de Zollinger-Ellison
Zygomycosis,Zigomicose
pH urine decreased,A urina de pH diminuiu
pH urine increased,A urina de pH aumentou
